symbol,obs,feature,side,thr,n_train,er_train,wr_train,sr_train,n_test,er_test,wr_test,survivor
NQ,30,ALL,,,0,,,,772,0.008565637221356994,0.5544041450777202,False
NQ,30,d_pdh,>,,0,,,,0,,,False
NQ,30,d_pdh,<,,0,,,,0,,,False
NQ,30,d_pdh,>,,0,,,,0,,,False
NQ,30,d_pdh,<,,0,,,,0,,,False
NQ,30,d_pdh,>,,0,,,,0,,,False
NQ,30,d_pdh,<,,0,,,,0,,,False
NQ,30,d_pdh,>,,0,,,,0,,,False
NQ,30,d_pdh,<,,0,,,,0,,,False
NQ,30,d_pdl,>,,0,,,,0,,,False
NQ,30,d_pdl,<,,0,,,,0,,,False
NQ,30,d_pdl,>,,0,,,,0,,,False
NQ,30,d_pdl,<,,0,,,,0,,,False
NQ,30,d_pdl,>,,0,,,,0,,,False
NQ,30,d_pdl,<,,0,,,,0,,,False
NQ,30,d_pdl,>,,0,,,,0,,,False
NQ,30,d_pdl,<,,0,,,,0,,,False
NQ,30,d_pc,>,,0,,,,0,,,False
NQ,30,d_pc,<,,0,,,,0,,,False
NQ,30,d_pc,>,,0,,,,0,,,False
NQ,30,d_pc,<,,0,,,,0,,,False
NQ,30,d_pc,>,,0,,,,0,,,False
NQ,30,d_pc,<,,0,,,,0,,,False
NQ,30,d_pc,>,,0,,,,0,,,False
NQ,30,d_pc,<,,0,,,,0,,,False
NQ,30,d_on_high,>,,0,,,,0,,,False
NQ,30,d_on_high,<,,0,,,,0,,,False
NQ,30,d_on_high,>,,0,,,,0,,,False
NQ,30,d_on_high,<,,0,,,,0,,,False
NQ,30,d_on_high,>,,0,,,,0,,,False
NQ,30,d_on_high,<,,0,,,,0,,,False
NQ,30,d_on_high,>,,0,,,,0,,,False
NQ,30,d_on_high,<,,0,,,,0,,,False
NQ,30,d_on_low,>,,0,,,,0,,,False
NQ,30,d_on_low,<,,0,,,,0,,,False
NQ,30,d_on_low,>,,0,,,,0,,,False
NQ,30,d_on_low,<,,0,,,,0,,,False
NQ,30,d_on_low,>,,0,,,,0,,,False
NQ,30,d_on_low,<,,0,,,,0,,,False
NQ,30,d_on_low,>,,0,,,,0,,,False
NQ,30,d_on_low,<,,0,,,,0,,,False
NQ,30,d_on_mid,>,,0,,,,0,,,False
NQ,30,d_on_mid,<,,0,,,,0,,,False
NQ,30,d_on_mid,>,,0,,,,0,,,False
NQ,30,d_on_mid,<,,0,,,,0,,,False
NQ,30,d_on_mid,>,,0,,,,0,,,False
NQ,30,d_on_mid,<,,0,,,,0,,,False
NQ,30,d_on_mid,>,,0,,,,0,,,False
NQ,30,d_on_mid,<,,0,,,,0,,,False
NQ,30,d_vwap,>,,0,,,,0,,,False
NQ,30,d_vwap,<,,0,,,,0,,,False
NQ,30,d_vwap,>,,0,,,,0,,,False
NQ,30,d_vwap,<,,0,,,,0,,,False
NQ,30,d_vwap,>,,0,,,,0,,,False
NQ,30,d_vwap,<,,0,,,,0,,,False
NQ,30,d_vwap,>,,0,,,,0,,,False
NQ,30,d_vwap,<,,0,,,,0,,,False
NQ,30,on_position,>,,0,,,,0,,,False
NQ,30,on_position,<,,0,,,,0,,,False
NQ,30,on_position,>,,0,,,,0,,,False
NQ,30,on_position,<,,0,,,,0,,,False
NQ,30,on_position,>,,0,,,,0,,,False
NQ,30,on_position,<,,0,,,,0,,,False
NQ,30,on_position,>,,0,,,,0,,,False
NQ,30,on_position,<,,0,,,,0,,,False
NQ,30,gap_atr,>,,0,,,,0,,,False
NQ,30,gap_atr,<,,0,,,,0,,,False
NQ,30,gap_atr,>,,0,,,,0,,,False
NQ,30,gap_atr,<,,0,,,,0,,,False
NQ,30,gap_atr,>,,0,,,,0,,,False
NQ,30,gap_atr,<,,0,,,,0,,,False
NQ,30,gap_atr,>,,0,,,,0,,,False
NQ,30,gap_atr,<,,0,,,,0,,,False
NQ,30,atr_pctile,>,,0,,,,0,,,False
NQ,30,atr_pctile,<,,0,,,,0,,,False
NQ,30,atr_pctile,>,,0,,,,0,,,False
NQ,30,atr_pctile,<,,0,,,,0,,,False
NQ,30,atr_pctile,>,,0,,,,0,,,False
NQ,30,atr_pctile,<,,0,,,,0,,,False
NQ,30,atr_pctile,>,,0,,,,0,,,False
NQ,30,atr_pctile,<,,0,,,,0,,,False
NQ,30,ret_5m,>,,0,,,,0,,,False
NQ,30,ret_5m,<,,0,,,,0,,,False
NQ,30,ret_5m,>,,0,,,,0,,,False
NQ,30,ret_5m,<,,0,,,,0,,,False
NQ,30,ret_5m,>,,0,,,,0,,,False
NQ,30,ret_5m,<,,0,,,,0,,,False
NQ,30,ret_5m,>,,0,,,,0,,,False
NQ,30,ret_5m,<,,0,,,,0,,,False
NQ,30,ret_15m,>,,0,,,,0,,,False
NQ,30,ret_15m,<,,0,,,,0,,,False
NQ,30,ret_15m,>,,0,,,,0,,,False
NQ,30,ret_15m,<,,0,,,,0,,,False
NQ,30,ret_15m,>,,0,,,,0,,,False
NQ,30,ret_15m,<,,0,,,,0,,,False
NQ,30,ret_15m,>,,0,,,,0,,,False
NQ,30,ret_15m,<,,0,,,,0,,,False
NQ,30,ret_30m,>,,0,,,,0,,,False
NQ,30,ret_30m,<,,0,,,,0,,,False
NQ,30,ret_30m,>,,0,,,,0,,,False
NQ,30,ret_30m,<,,0,,,,0,,,False
NQ,30,ret_30m,>,,0,,,,0,,,False
NQ,30,ret_30m,<,,0,,,,0,,,False
NQ,30,ret_30m,>,,0,,,,0,,,False
NQ,30,ret_30m,<,,0,,,,0,,,False
NQ,30,ret_60m,>,,0,,,,0,,,False
NQ,30,ret_60m,<,,0,,,,0,,,False
NQ,30,ret_60m,>,,0,,,,0,,,False
NQ,30,ret_60m,<,,0,,,,0,,,False
NQ,30,ret_60m,>,,0,,,,0,,,False
NQ,30,ret_60m,<,,0,,,,0,,,False
NQ,30,ret_60m,>,,0,,,,0,,,False
NQ,30,ret_60m,<,,0,,,,0,,,False
NQ,30,rel_volume,>,,0,,,,0,,,False
NQ,30,rel_volume,<,,0,,,,0,,,False
NQ,30,rel_volume,>,,0,,,,0,,,False
NQ,30,rel_volume,<,,0,,,,0,,,False
NQ,30,rel_volume,>,,0,,,,0,,,False
NQ,30,rel_volume,<,,0,,,,0,,,False
NQ,30,rel_volume,>,,0,,,,0,,,False
NQ,30,rel_volume,<,,0,,,,0,,,False
NQ,30,upbars10,>,,0,,,,0,,,False
NQ,30,upbars10,<,,0,,,,0,,,False
NQ,30,upbars10,>,,0,,,,0,,,False
NQ,30,upbars10,<,,0,,,,0,,,False
NQ,30,upbars10,>,,0,,,,0,,,False
NQ,30,upbars10,<,,0,,,,0,,,False
NQ,30,upbars10,>,,0,,,,0,,,False
NQ,30,upbars10,<,,0,,,,0,,,False
NQ,30,ib_ratio,>,,0,,,,0,,,False
NQ,30,ib_ratio,<,,0,,,,0,,,False
NQ,30,ib_ratio,>,,0,,,,0,,,False
NQ,30,ib_ratio,<,,0,,,,0,,,False
NQ,30,ib_ratio,>,,0,,,,0,,,False
NQ,30,ib_ratio,<,,0,,,,0,,,False
NQ,30,ib_ratio,>,,0,,,,0,,,False
NQ,30,ib_ratio,<,,0,,,,0,,,False
NQ,30,or30_range,>,,0,,,,0,,,False
NQ,30,or30_range,<,,0,,,,0,,,False
NQ,30,or30_range,>,,0,,,,0,,,False
NQ,30,or30_range,<,,0,,,,0,,,False
NQ,30,or30_range,>,,0,,,,0,,,False
NQ,30,or30_range,<,,0,,,,0,,,False
NQ,30,or30_range,>,,0,,,,0,,,False
NQ,30,or30_range,<,,0,,,,0,,,False
NQ,30,pd_return,>,,0,,,,0,,,False
NQ,30,pd_return,<,,0,,,,0,,,False
NQ,30,pd_return,>,,0,,,,0,,,False
NQ,30,pd_return,<,,0,,,,0,,,False
NQ,30,pd_return,>,,0,,,,0,,,False
NQ,30,pd_return,<,,0,,,,0,,,False
NQ,30,pd_return,>,,0,,,,0,,,False
NQ,30,pd_return,<,,0,,,,0,,,False
NQ,30,on_range_atr,>,,0,,,,0,,,False
NQ,30,on_range_atr,<,,0,,,,0,,,False
NQ,30,on_range_atr,>,,0,,,,0,,,False
NQ,30,on_range_atr,<,,0,,,,0,,,False
NQ,30,on_range_atr,>,,0,,,,0,,,False
NQ,30,on_range_atr,<,,0,,,,0,,,False
NQ,30,on_range_atr,>,,0,,,,0,,,False
NQ,30,on_range_atr,<,,0,,,,0,,,False
NQ,60,ALL,,,0,,,,772,0.008855552547676582,0.5569948186528497,False
NQ,60,d_pdh,>,,0,,,,0,,,False
NQ,60,d_pdh,<,,0,,,,0,,,False
NQ,60,d_pdh,>,,0,,,,0,,,False
NQ,60,d_pdh,<,,0,,,,0,,,False
NQ,60,d_pdh,>,,0,,,,0,,,False
NQ,60,d_pdh,<,,0,,,,0,,,False
NQ,60,d_pdh,>,,0,,,,0,,,False
NQ,60,d_pdh,<,,0,,,,0,,,False
NQ,60,d_pdl,>,,0,,,,0,,,False
NQ,60,d_pdl,<,,0,,,,0,,,False
NQ,60,d_pdl,>,,0,,,,0,,,False
NQ,60,d_pdl,<,,0,,,,0,,,False
NQ,60,d_pdl,>,,0,,,,0,,,False
NQ,60,d_pdl,<,,0,,,,0,,,False
NQ,60,d_pdl,>,,0,,,,0,,,False
NQ,60,d_pdl,<,,0,,,,0,,,False
NQ,60,d_pc,>,,0,,,,0,,,False
NQ,60,d_pc,<,,0,,,,0,,,False
NQ,60,d_pc,>,,0,,,,0,,,False
NQ,60,d_pc,<,,0,,,,0,,,False
NQ,60,d_pc,>,,0,,,,0,,,False
NQ,60,d_pc,<,,0,,,,0,,,False
NQ,60,d_pc,>,,0,,,,0,,,False
NQ,60,d_pc,<,,0,,,,0,,,False
NQ,60,d_on_high,>,,0,,,,0,,,False
NQ,60,d_on_high,<,,0,,,,0,,,False
NQ,60,d_on_high,>,,0,,,,0,,,False
NQ,60,d_on_high,<,,0,,,,0,,,False
NQ,60,d_on_high,>,,0,,,,0,,,False
NQ,60,d_on_high,<,,0,,,,0,,,False
NQ,60,d_on_high,>,,0,,,,0,,,False
NQ,60,d_on_high,<,,0,,,,0,,,False
NQ,60,d_on_low,>,,0,,,,0,,,False
NQ,60,d_on_low,<,,0,,,,0,,,False
NQ,60,d_on_low,>,,0,,,,0,,,False
NQ,60,d_on_low,<,,0,,,,0,,,False
NQ,60,d_on_low,>,,0,,,,0,,,False
NQ,60,d_on_low,<,,0,,,,0,,,False
NQ,60,d_on_low,>,,0,,,,0,,,False
NQ,60,d_on_low,<,,0,,,,0,,,False
NQ,60,d_on_mid,>,,0,,,,0,,,False
NQ,60,d_on_mid,<,,0,,,,0,,,False
NQ,60,d_on_mid,>,,0,,,,0,,,False
NQ,60,d_on_mid,<,,0,,,,0,,,False
NQ,60,d_on_mid,>,,0,,,,0,,,False
NQ,60,d_on_mid,<,,0,,,,0,,,False
NQ,60,d_on_mid,>,,0,,,,0,,,False
NQ,60,d_on_mid,<,,0,,,,0,,,False
NQ,60,d_vwap,>,,0,,,,0,,,False
NQ,60,d_vwap,<,,0,,,,0,,,False
NQ,60,d_vwap,>,,0,,,,0,,,False
NQ,60,d_vwap,<,,0,,,,0,,,False
NQ,60,d_vwap,>,,0,,,,0,,,False
NQ,60,d_vwap,<,,0,,,,0,,,False
NQ,60,d_vwap,>,,0,,,,0,,,False
NQ,60,d_vwap,<,,0,,,,0,,,False
NQ,60,on_position,>,,0,,,,0,,,False
NQ,60,on_position,<,,0,,,,0,,,False
NQ,60,on_position,>,,0,,,,0,,,False
NQ,60,on_position,<,,0,,,,0,,,False
NQ,60,on_position,>,,0,,,,0,,,False
NQ,60,on_position,<,,0,,,,0,,,False
NQ,60,on_position,>,,0,,,,0,,,False
NQ,60,on_position,<,,0,,,,0,,,False
NQ,60,gap_atr,>,,0,,,,0,,,False
NQ,60,gap_atr,<,,0,,,,0,,,False
NQ,60,gap_atr,>,,0,,,,0,,,False
NQ,60,gap_atr,<,,0,,,,0,,,False
NQ,60,gap_atr,>,,0,,,,0,,,False
NQ,60,gap_atr,<,,0,,,,0,,,False
NQ,60,gap_atr,>,,0,,,,0,,,False
NQ,60,gap_atr,<,,0,,,,0,,,False
NQ,60,atr_pctile,>,,0,,,,0,,,False
NQ,60,atr_pctile,<,,0,,,,0,,,False
NQ,60,atr_pctile,>,,0,,,,0,,,False
NQ,60,atr_pctile,<,,0,,,,0,,,False
NQ,60,atr_pctile,>,,0,,,,0,,,False
NQ,60,atr_pctile,<,,0,,,,0,,,False
NQ,60,atr_pctile,>,,0,,,,0,,,False
NQ,60,atr_pctile,<,,0,,,,0,,,False
NQ,60,ret_5m,>,,0,,,,0,,,False
NQ,60,ret_5m,<,,0,,,,0,,,False
NQ,60,ret_5m,>,,0,,,,0,,,False
NQ,60,ret_5m,<,,0,,,,0,,,False
NQ,60,ret_5m,>,,0,,,,0,,,False
NQ,60,ret_5m,<,,0,,,,0,,,False
NQ,60,ret_5m,>,,0,,,,0,,,False
NQ,60,ret_5m,<,,0,,,,0,,,False
NQ,60,ret_15m,>,,0,,,,0,,,False
NQ,60,ret_15m,<,,0,,,,0,,,False
NQ,60,ret_15m,>,,0,,,,0,,,False
NQ,60,ret_15m,<,,0,,,,0,,,False
NQ,60,ret_15m,>,,0,,,,0,,,False
NQ,60,ret_15m,<,,0,,,,0,,,False
NQ,60,ret_15m,>,,0,,,,0,,,False
NQ,60,ret_15m,<,,0,,,,0,,,False
NQ,60,ret_30m,>,,0,,,,0,,,False
NQ,60,ret_30m,<,,0,,,,0,,,False
NQ,60,ret_30m,>,,0,,,,0,,,False
NQ,60,ret_30m,<,,0,,,,0,,,False
NQ,60,ret_30m,>,,0,,,,0,,,False
NQ,60,ret_30m,<,,0,,,,0,,,False
NQ,60,ret_30m,>,,0,,,,0,,,False
NQ,60,ret_30m,<,,0,,,,0,,,False
NQ,60,ret_60m,>,,0,,,,0,,,False
NQ,60,ret_60m,<,,0,,,,0,,,False
NQ,60,ret_60m,>,,0,,,,0,,,False
NQ,60,ret_60m,<,,0,,,,0,,,False
NQ,60,ret_60m,>,,0,,,,0,,,False
NQ,60,ret_60m,<,,0,,,,0,,,False
NQ,60,ret_60m,>,,0,,,,0,,,False
NQ,60,ret_60m,<,,0,,,,0,,,False
NQ,60,rel_volume,>,,0,,,,0,,,False
NQ,60,rel_volume,<,,0,,,,0,,,False
NQ,60,rel_volume,>,,0,,,,0,,,False
NQ,60,rel_volume,<,,0,,,,0,,,False
NQ,60,rel_volume,>,,0,,,,0,,,False
NQ,60,rel_volume,<,,0,,,,0,,,False
NQ,60,rel_volume,>,,0,,,,0,,,False
NQ,60,rel_volume,<,,0,,,,0,,,False
NQ,60,upbars10,>,,0,,,,0,,,False
NQ,60,upbars10,<,,0,,,,0,,,False
NQ,60,upbars10,>,,0,,,,0,,,False
NQ,60,upbars10,<,,0,,,,0,,,False
NQ,60,upbars10,>,,0,,,,0,,,False
NQ,60,upbars10,<,,0,,,,0,,,False
NQ,60,upbars10,>,,0,,,,0,,,False
NQ,60,upbars10,<,,0,,,,0,,,False
NQ,60,ib_ratio,>,,0,,,,0,,,False
NQ,60,ib_ratio,<,,0,,,,0,,,False
NQ,60,ib_ratio,>,,0,,,,0,,,False
NQ,60,ib_ratio,<,,0,,,,0,,,False
NQ,60,ib_ratio,>,,0,,,,0,,,False
NQ,60,ib_ratio,<,,0,,,,0,,,False
NQ,60,ib_ratio,>,,0,,,,0,,,False
NQ,60,ib_ratio,<,,0,,,,0,,,False
NQ,60,or30_range,>,,0,,,,0,,,False
NQ,60,or30_range,<,,0,,,,0,,,False
NQ,60,or30_range,>,,0,,,,0,,,False
NQ,60,or30_range,<,,0,,,,0,,,False
NQ,60,or30_range,>,,0,,,,0,,,False
NQ,60,or30_range,<,,0,,,,0,,,False
NQ,60,or30_range,>,,0,,,,0,,,False
NQ,60,or30_range,<,,0,,,,0,,,False
NQ,60,pd_return,>,,0,,,,0,,,False
NQ,60,pd_return,<,,0,,,,0,,,False
NQ,60,pd_return,>,,0,,,,0,,,False
NQ,60,pd_return,<,,0,,,,0,,,False
NQ,60,pd_return,>,,0,,,,0,,,False
NQ,60,pd_return,<,,0,,,,0,,,False
NQ,60,pd_return,>,,0,,,,0,,,False
NQ,60,pd_return,<,,0,,,,0,,,False
NQ,60,on_range_atr,>,,0,,,,0,,,False
NQ,60,on_range_atr,<,,0,,,,0,,,False
NQ,60,on_range_atr,>,,0,,,,0,,,False
NQ,60,on_range_atr,<,,0,,,,0,,,False
NQ,60,on_range_atr,>,,0,,,,0,,,False
NQ,60,on_range_atr,<,,0,,,,0,,,False
NQ,60,on_range_atr,>,,0,,,,0,,,False
NQ,60,on_range_atr,<,,0,,,,0,,,False
NQ,90,ALL,,,1614,0.01403671858491211,0.5514250309789344,0.03039937856799458,772,0.022675273730482406,0.5634715025906736,False
NQ,90,d_pdh,>,-0.4430180764365099,1452,0.010795176969400813,0.540633608815427,0.023123672152782118,699,0.007562688015505695,0.547925608011445,False
NQ,90,d_pdh,<,-0.4430180764365099,162,0.04309053602764296,0.6481481481481481,0.10423670488137728,71,0.16334657188722407,0.704225352112676,False
NQ,90,d_pdh,>,-0.07816009928048256,1210,0.00647405681201432,0.5330578512396694,0.013276441668594563,588,0.014022643075178627,0.54421768707483,False
NQ,90,d_pdh,<,-0.07816009928048256,404,0.036687264983937665,0.6064356435643564,0.09829402304496944,182,0.047464897794650324,0.6208791208791209,False
NQ,90,d_pdh,>,0.7817305418280918,404,0.0038338852386142763,0.5024752475247525,0.006843080597985393,167,0.060304623396767176,0.5389221556886228,False
NQ,90,d_pdh,<,0.7817305418280918,1210,0.017443284429461133,0.5677685950413223,0.0411397329153583,603,0.011298596052357003,0.5688225538971807,False
NQ,90,d_pdh,>,1.2944101302600206,162,0.03444462188596634,0.49382716049382713,0.05790184519377437,79,0.054216887607535576,0.4810126582278481,False
NQ,90,d_pdh,<,1.2944101302600206,1452,0.011759803753802749,0.5578512396694215,0.026448675750953658,691,0.018235588141586226,0.5716353111432706,False
NQ,90,d_pdl,>,-1.3969498715703974,1452,0.010431786675099407,0.5461432506887053,0.022502692018307954,695,0.016279110661985213,0.5582733812949641,False
NQ,90,d_pdl,<,-1.3969498715703974,162,0.04634758977656665,0.5987654320987654,0.10414440012931767,75,0.07426591489002227,0.6,False
NQ,90,d_pdl,>,-0.9583242637685387,1210,0.008818064291681872,0.528099173553719,0.019367483178940645,585,0.026701697386898527,0.5538461538461539,False
NQ,90,d_pdl,<,-0.9583242637685387,404,0.029666846542359085,0.6212871287128713,0.061708278461115866,185,0.006829365164841891,0.5891891891891892,False
NQ,90,d_pdl,>,-0.1257961093168487,404,-0.0074562375663052415,0.4975247524752475,-0.014458129541416714,189,0.016134155118329527,0.5291005291005291,False
NQ,90,d_pdl,<,-0.1257961093168487,1210,0.02121287915110368,0.5694214876033058,0.047964770040264726,581,0.023811652684108627,0.5731497418244407,False
NQ,90,d_pdl,>,0.27401934009057616,162,0.010913712835860767,0.5185185185185185,0.019843831364696217,89,0.05357631686559484,0.5393258426966292,False
NQ,90,d_pdl,<,0.27401934009057616,1452,0.014385153110632713,0.5550964187327824,0.031892476909323744,681,0.017790944678110793,0.5653450807635829,False
NQ,90,d_pc,>,-0.736429614450919,1452,0.011207812200443324,0.5426997245179064,0.024417910670528016,683,0.016336158255348603,0.554904831625183,False
NQ,90,d_pc,<,-0.736429614450919,162,0.039392101734595224,0.6296296296296297,0.08098753814946758,87,0.06581987860262407,0.6206896551724138,False
NQ,90,d_pc,>,-0.3900142986462995,1210,0.0011796742333065756,0.5247933884297521,0.002493609229972051,585,0.01464365721334793,0.5470085470085471,False
NQ,90,d_pc,<,-0.3900142986462995,404,0.052544202905314814,0.6311881188118812,0.12386041915215347,185,0.04495884355147489,0.6108108108108108,True
NQ,90,d_pc,>,0.270083793695743,404,-0.010244476747299,0.5,-0.01989067993983349,187,0.00605249357120734,0.5080213903743316,False
NQ,90,d_pc,<,0.270083793695743,1210,0.022143828431369368,0.5685950413223141,0.05004743542159875,583,0.027019055281330386,0.5797598627787307,False
NQ,90,d_pc,>,0.6769581278672189,162,0.0006967150640598237,0.49382716049382713,0.0011944889044698795,82,0.051610184009470775,0.5,False
NQ,90,d_pc,<,0.6769581278672189,1452,0.01552506608517248,0.5578512396694215,0.03478124073565722,688,0.01838937563670754,0.5697674418604651,False
NQ,90,d_on_high,>,0.014555489277812333,1452,0.053577504321056194,0.6019283746556474,0.11813110882012784,695,0.058371240399348115,0.6071942446043166,True
NQ,90,d_on_high,<,0.014555489277812333,162,-0.3403658794946016,0.09876543209876543,-0.9041981739637933,77,-0.2995155942547341,0.16883116883116883,False
NQ,90,d_on_high,>,0.18398600102639595,1210,0.0916939514675353,0.6462809917355372,0.20223711923390583,587,0.08790277637912587,0.6473594548551959,True
NQ,90,d_on_high,<,0.18398600102639595,404,-0.21855053831601381,0.26732673267326734,-0.5391630147539105,185,-0.18428982926818632,0.2972972972972973,False
NQ,90,d_on_high,>,0.6710257387073648,404,0.18112818002222292,0.6262376237623762,0.30584853376658244,174,0.18330430340102621,0.6091954022988506,True
NQ,90,d_on_high,<,0.6710257387073648,1210,-0.04175249663878505,0.5264462809917355,-0.1060167021252927,598,-0.02406293891613068,0.5501672240802675,False
NQ,90,d_on_high,>,1.0263634468814988,162,0.11690990644948629,0.5432098765432098,0.16003099137338123,70,0.1796571725111885,0.5714285714285714,False
NQ,90,d_on_high,<,1.0263634468814988,1452,0.0025591315091125027,0.5523415977961432,0.006091791431410488,702,0.007021808040098614,0.5626780626780626,False
NQ,90,d_on_low,>,-1.0452897119534055,1452,0.05532588418161673,0.5654269972451791,0.14610816465091225,695,0.05777412513786446,0.5784172661870504,True
NQ,90,d_on_low,<,-1.0452897119534055,162,-0.3560365434299959,0.42592592592592593,-0.4284294184544731,77,-0.2941260474140699,0.42857142857142855,False
NQ,90,d_on_low,>,-0.7333616107393315,1210,0.07954351251774319,0.5801652892561984,0.2216657704446314,582,0.079941862511837,0.5876288659793815,True
NQ,90,d_on_low,<,-0.7333616107393315,404,-0.18215937215450773,0.46534653465346537,-0.28256969863961884,190,-0.15274132979977226,0.48947368421052634,False
NQ,90,d_on_low,>,-0.21307181134232048,404,0.22390147205067037,0.75,0.6679096294994218,212,0.21056401819516832,0.7594339622641509,True
NQ,90,d_on_low,<,-0.21307181134232048,1210,-0.056033827200349336,0.48512396694214877,-0.11751446428083208,560,-0.04845403667400582,0.48928571428571427,False
NQ,90,d_on_low,>,-0.012027743226515937,162,0.36073635900832585,0.9074074074074074,1.071954025856822,84,0.3528514412730129,0.9285714285714286,False
NQ,90,d_on_low,<,-0.012027743226515937,1452,-0.024644646255716704,0.5117079889807162,-0.053839552772821264,688,-0.017636932771803282,0.5188953488372093,False
NQ,90,d_on_mid,>,-0.43296407792884606,1452,0.05768424240990943,0.581267217630854,0.14042429355609418,693,0.06758868599286595,0.5901875901875901,True
NQ,90,d_on_mid,<,-0.43296407792884606,162,-0.37717442088358233,0.2839506172839506,-0.5660010575190364,79,-0.3713120009256162,0.3291139240506329,False
NQ,90,d_on_mid,>,-0.23562371023532094,1210,0.09578234229422147,0.6066115702479339,0.24860970142498717,598,0.08726009160672173,0.6036789297658863,True
NQ,90,d_on_mid,<,-0.23562371023532094,404,-0.23079547123752434,0.38613861386138615,-0.40304837248177133,174,-0.19928864057981133,0.42528735632183906,False
NQ,90,d_on_mid,>,0.1729349994877109,404,0.24061439862592593,0.7054455445544554,0.5544317909083767,206,0.20309282028962297,0.6699029126213593,True
NQ,90,d_on_mid,<,0.1729349994877109,1210,-0.06161401094944293,0.5,-0.13819205648105384,566,-0.042989063003056376,0.5247349823321554,False
NQ,90,d_on_mid,>,0.42415635935220414,162,0.3234203843597258,0.7345679012345679,0.6105227765379359,70,0.3127974920920017,0.7285714285714285,False
NQ,90,d_on_mid,<,0.42415635935220414,1452,-0.020481293712277842,0.53099173553719,-0.046501073842187296,702,-0.0062542922030024185,0.5470085470085471,False
NQ,90,d_vwap,>,-0.24539991203320388,1452,0.013525419184851997,0.5516528925619835,0.029511898388864914,699,0.0203827245043061,0.5593705293276109,False
NQ,90,d_vwap,<,-0.24539991203320388,162,0.018619476170636,0.5493827160493827,0.03776924168811401,73,0.044627217690718514,0.6027397260273972,False
NQ,90,d_vwap,>,-0.13534997891500378,1210,0.006689857188283603,0.5454545454545454,0.014431866842051251,603,0.02701624972170247,0.5588723051409619,False
NQ,90,d_vwap,<,-0.13534997891500378,404,0.0360409321738242,0.5693069306930693,0.07900957057173363,169,0.007186465903821478,0.5798816568047337,False
NQ,90,d_vwap,>,0.1075053043882383,404,-0.008118270793044322,0.5024752475247525,-0.01528835854814987,214,0.012750673184552508,0.5327102803738317,False
NQ,90,d_vwap,<,0.1075053043882383,1210,0.021433921649948798,0.5677685950413223,0.04914134268145585,558,0.02648148254200391,0.5752688172043011,False
NQ,90,d_vwap,>,0.24739363721301466,162,-0.03880611788654654,0.48148148148148145,-0.06702447751421108,99,0.009626577524319101,0.5050505050505051,False
NQ,90,d_vwap,<,0.24739363721301466,1452,0.019932406951562454,0.559228650137741,0.0446295080552783,673,0.02459476990345443,0.5720653789004457,False
NQ,90,on_position,>,0.01549776513612822,1452,-0.024997271508596913,0.5110192837465565,-0.05464126189281665,689,-0.017503807007233568,0.5195936139332366,False
NQ,90,on_position,<,0.01549776513612822,162,0.36389692608969665,0.9135802469135802,1.082761805594647,83,0.3562100523845343,0.927710843373494,False
NQ,90,on_position,>,0.28409048680787813,1210,-0.05998532497384032,0.4884297520661157,-0.1301504245523569,568,-0.047515326693489186,0.5,False
NQ,90,on_position,<,0.28409048680787813,404,0.23573640350097758,0.7400990099009901,0.6079224820531832,204,0.2181079258913445,0.7401960784313726,True
NQ,90,on_position,>,0.7633942641033804,404,-0.23363755398128427,0.2995049504950495,-0.5150139875143834,181,-0.22635931571897386,0.35911602209944754,False
NQ,90,on_position,<,0.7633942641033804,1210,0.09673126909461735,0.6355371900826446,0.22279207282882124,591,0.09894475036390302,0.626057529610829,True
NQ,90,on_position,>,0.9774655355249205,162,-0.3417448913342815,0.10493827160493827,-0.9020760324527465,77,-0.2996995731400119,0.16883116883116883,False
NQ,90,on_position,<,0.9774655355249205,1452,0.05373136101391305,0.6012396694214877,0.11856371450170494,695,0.058391623671529974,0.6071942446043166,True
NQ,90,gap_atr,>,-0.5053626386509263,1452,0.01062695095155991,0.5557851239669421,0.02390969205521992,700,0.023945130525906397,0.5728571428571428,False
NQ,90,gap_atr,<,-0.5053626386509263,162,0.044598339594957744,0.5123456790123457,0.07489154571952208,70,0.0017476308385273452,0.45714285714285713,False
NQ,90,gap_atr,>,-0.19224759844737332,1210,0.012512601330371421,0.5603305785123966,0.02843839210263478,579,0.020285158972582595,0.5751295336787565,False
NQ,90,gap_atr,<,-0.19224759844737332,404,0.018601525213610696,0.5247524752475248,0.035630343937846004,191,0.026904808804743816,0.5235602094240838,False
NQ,90,gap_atr,>,0.3042668407296591,404,0.029324489390110512,0.6311881188118812,0.05462850170878383,192,0.012906024285558699,0.5833333333333334,False
NQ,90,gap_atr,<,0.3042668407296591,1210,0.008932371968961563,0.5247933884297521,0.020584695807019566,578,0.02492382156402098,0.5553633217993079,False
NQ,90,gap_atr,>,0.5392140984731327,162,0.06888583985492341,0.6604938271604939,0.1319763300903319,96,-0.03659648937900908,0.5208333333333334,False
NQ,90,gap_atr,<,0.5392140984731327,1452,0.00791718852586126,0.5392561983471075,0.017426376783849087,674,0.03026289096026152,0.5682492581602374,False
NQ,90,atr_pctile,>,0.4768732193732194,1452,0.007085670048431301,0.5392561983471075,0.016027391798892825,771,0.02325309406929341,0.5642023346303502,False
NQ,90,atr_pctile,<,0.4768732193732194,162,0.07633870917114748,0.6604938271604939,0.12546224499499609,1,-0.4228242074928022,0.0,False
NQ,90,atr_pctile,>,0.6738945578231292,1210,0.008071388077774813,0.543801652892562,0.018279967399579974,586,0.024947540429756592,0.5699658703071673,False
NQ,90,atr_pctile,<,0.6738945578231292,404,0.031903178767179734,0.5742574257425742,0.061620540430300116,186,0.015516411979005657,0.543010752688172,False
NQ,90,atr_pctile,>,0.9226138194685792,404,-0.004742063407874635,0.5371287128712872,-0.010331578846346596,129,0.019924297874078466,0.6124031007751938,False
NQ,90,atr_pctile,<,0.9226138194685792,1210,0.020306659018867353,0.556198347107438,0.04388926203919481,643,0.023227180239776515,0.5536547433903577,False
NQ,90,atr_pctile,>,0.9653740795405323,162,-0.01198745570883686,0.5370370370370371,-0.02605805233421815,64,0.01481678659017419,0.625,False
NQ,90,atr_pctile,<,0.9653740795405323,1452,0.016940242163140298,0.553030303030303,0.0366670684516523,708,0.023385645449380328,0.557909604519774,False
NQ,90,ret_5m,>,-0.0012537953506207456,1452,0.010537588953339002,0.5495867768595041,0.023354703083709297,696,0.029556479007811724,0.5747126436781609,False
NQ,90,ret_5m,<,-0.0012537953506207456,162,0.04539928787530806,0.5679012345679012,0.08285965864289759,76,-0.04034207986190191,0.4605263157894737,False
NQ,90,ret_5m,>,-0.0005623412164733332,1210,0.02343902446373556,0.5628099173553719,0.052074484625268716,571,0.029563718765052753,0.574430823117338,False
NQ,90,ret_5m,<,-0.0005623412164733332,404,-0.014123652982851204,0.5173267326732673,-0.02856256376488351,201,0.003106606492971629,0.5323383084577115,False
NQ,90,ret_5m,>,0.0005260000178703428,404,0.021960282810236844,0.5594059405940595,0.04933189491368877,193,0.03732693810871606,0.5958549222797928,False
NQ,90,ret_5m,<,0.0005260000178703428,1210,0.01139116490967971,0.5487603305785124,0.024376484089243516,579,0.01779138560440452,0.5526770293609672,False
NQ,90,ret_5m,>,0.001251558954156007,162,0.014546635346462333,0.5555555555555556,0.028959564398900066,65,0.005488594229120774,0.6,False
NQ,90,ret_5m,<,0.001251558954156007,1452,0.013979827045400302,0.5509641873278237,0.03057829123915605,707,0.024255378635133763,0.5601131541725601,False
NQ,90,ret_15m,>,-0.0025896551431971782,1452,0.01842871260465733,0.5557851239669421,0.04052370664213039,693,0.03031144065368329,0.5714285714285714,False
NQ,90,ret_15m,<,-0.0025896551431971782,162,-0.02532856114761915,0.5123456790123457,-0.04870413444214712,79,-0.04431034244392529,0.4936708860759494,False
NQ,90,ret_15m,>,-0.0010757685645123027,1210,0.016341512892235753,0.5520661157024793,0.036348086451327394,549,0.025819967036928577,0.5683060109289617,False
NQ,90,ret_15m,<,-0.0010757685645123027,404,0.007133745535749695,0.5495049504950495,0.01435628602454514,223,0.014933405455868307,0.5515695067264574,False
NQ,90,ret_15m,>,0.0010291809506088323,404,0.036417426611758764,0.5544554455445545,0.07680970877070738,170,0.0016220310927759427,0.5882352941176471,False
NQ,90,ret_15m,<,0.0010291809506088323,1210,0.006564151607353388,0.5504132231404959,0.014348165780899593,602,0.02862054158498424,0.5564784053156147,False
NQ,90,ret_15m,>,0.002286979163360559,162,0.04941986881385237,0.5493827160493827,0.11665085743174433,60,-0.05835180149954629,0.48333333333333334,False
NQ,90,ret_15m,<,0.002286979163360559,1452,0.010089011741187365,0.5516528925619835,0.02166099036815219,712,0.029503398047619655,0.5702247191011236,False
NQ,90,ret_30m,>,-0.0037105142823464663,1452,0.020226112594989305,0.5571625344352618,0.04404203134404478,691,0.023109059932068663,0.5658465991316932,False
NQ,90,ret_30m,<,-0.0037105142823464663,162,-0.04143859069059462,0.5,-0.08606504056691479,81,0.01897470255398737,0.5432098765432098,False
NQ,90,ret_30m,>,-0.0015197728832513635,1210,0.027062397046482146,0.5628099173553719,0.06086589993177668,569,0.019201787835901058,0.5676625659050967,False
NQ,90,ret_30m,<,-0.0015197728832513635,404,-0.024975833243057577,0.5173267326732673,-0.04914704550682181,203,0.032411300696082355,0.5517241379310345,False
NQ,90,ret_30m,>,0.0015128208878760208,404,0.03413673044485269,0.5693069306930693,0.07933037050607512,204,0.032219541011581664,0.5686274509803921,False
NQ,90,ret_30m,<,0.0015128208878760208,1210,0.007325640244898885,0.5454545454545454,0.015528582982868565,568,0.0192474030872707,0.5616197183098591,False
NQ,90,ret_30m,>,0.003167706801368331,162,0.025096015346496442,0.5493827160493827,0.05620080957666818,67,-0.02070662619391991,0.47761194029850745,False
NQ,90,ret_30m,<,0.003167706801368331,1452,0.012802830103247736,0.5516528925619835,0.027619582789026695,705,0.026798092588546176,0.5716312056737589,False
NQ,90,ret_60m,>,-0.005933607713111942,1452,0.013068639922981316,0.5571625344352618,0.02918492831886042,699,0.024271703455377224,0.5679542203147353,False
NQ,90,ret_60m,<,-0.005933607713111942,162,0.022713571777032496,0.5,0.03960843702850767,73,0.007388912392105975,0.5205479452054794,False
NQ,90,ret_60m,>,-0.002302361429506128,1210,0.01771471816627373,0.5669421487603306,0.04056417014992077,565,0.02922983114478467,0.5752212389380531,False
NQ,90,ret_60m,<,-0.002302361429506128,404,0.0030209277595468357,0.504950495049505,0.005698317665987386,207,0.004784815087580098,0.5314009661835749,False
NQ,90,ret_60m,>,0.00242837348861219,404,0.022123623600367442,0.556930693069307,0.048730415294340995,199,0.03890833272457834,0.6030150753768844,False
NQ,90,ret_60m,<,0.00242837348861219,1210,0.01133662798471049,0.5495867768595041,0.02440847933058642,573,0.017037614498675965,0.5497382198952879,False
NQ,90,ret_60m,>,0.005063238902739898,162,-0.01761873274555654,0.5740740740740741,-0.03401851005505667,72,-0.007243559266016195,0.5555555555555556,False
NQ,90,ret_60m,<,0.005063238902739898,1452,0.017568525138311503,0.5488980716253443,0.03860293958697367,700,0.025752639410122263,0.5642857142857143,False
NQ,90,rel_volume,>,0.6991496439722861,1452,0.01293450945581947,0.5482093663911846,0.026986753191567483,717,0.01959014062753036,0.5648535564853556,False
NQ,90,rel_volume,<,0.6991496439722861,162,0.02391577818640907,0.5802469135802469,0.09337380627753089,55,0.06289419072714826,0.5454545454545454,False
NQ,90,rel_volume,>,0.8346748429569184,1210,0.014758412651555475,0.556198347107438,0.029986247018731753,616,0.027223781864921994,0.5698051948051948,False
NQ,90,rel_volume,<,0.8346748429569184,404,0.011875209127886172,0.5371287128712872,0.0333687219186703,156,0.004714498020131208,0.5384615384615384,False
NQ,90,rel_volume,>,1.1678527019510396,404,0.03413877337674081,0.5470297029702971,0.058941363727894276,169,0.01023434376711142,0.4911242603550296,False
NQ,90,rel_volume,<,1.1678527019510396,1210,0.0073249581420205415,0.552892561983471,0.017639052358111976,603,0.026162035196170122,0.5837479270315091,False
NQ,90,rel_volume,>,1.3861531533110623,162,0.03296343580476086,0.5679012345679012,0.04690054264155662,46,-0.002868377090039194,0.4782608695652174,False
NQ,90,rel_volume,<,1.3861531533110623,1452,0.011925060052119067,0.5495867768595041,0.027940824848544862,726,0.024293741964289562,0.568870523415978,False
NQ,90,upbars10,>,3.0,1301,0.02640106659671828,0.5534204458109147,0.05900808705170814,603,0.04190534762887453,0.5737976782752903,False
NQ,90,upbars10,<,3.0,97,-0.022025780713556535,0.5360824742268041,-0.04784560475478467,57,-0.045978123773457044,0.5789473684210527,False
NQ,90,upbars10,>,4.0,937,0.023052285104964123,0.5528281750266809,0.05168082846057393,449,0.028280143804341445,0.5679287305122495,False
NQ,90,upbars10,<,4.0,313,-0.037356306218154424,0.5431309904153354,-0.07258309697579753,169,-0.04593854023833684,0.5266272189349113,False
NQ,90,upbars10,>,6.0,222,0.02266923719608588,0.5675675675675675,0.053350501550809504,120,-0.006982758634259615,0.525,False
NQ,90,upbars10,<,6.0,1082,0.007233656709536219,0.544362292051756,0.015303385347636263,508,0.033978421588344444,0.5787401574803149,False
NQ,90,upbars10,>,7.0,68,0.028653727674685384,0.5,0.06868117914224604,38,-0.0842961700698714,0.42105263157894735,False
NQ,90,upbars10,<,7.0,1392,0.012659980702957666,0.5488505747126436,0.027081476410123356,652,0.02813380729454536,0.5705521472392638,False
NQ,90,ib_ratio,>,0.2783517318989324,1452,0.014672006022555145,0.5550964187327824,0.030831571051022796,677,0.018643508094383535,0.5627769571639586,False
NQ,90,ib_ratio,<,0.2783517318989324,162,0.00834266081048188,0.5185185185185185,0.027056790388990292,95,0.05140690884247121,0.5684210526315789,False
NQ,90,ib_ratio,>,0.35152118616416755,1210,0.01118387589478403,0.5462809917355372,0.02235231719534275,593,0.020255795675545793,0.5598650927487352,False
NQ,90,ib_ratio,<,0.35152118616416755,404,0.02258112367168184,0.5668316831683168,0.07062676151390568,179,0.03069063957728359,0.5754189944134078,False
NQ,90,ib_ratio,>,0.6240825208798167,404,0.022267129616421907,0.5297029702970297,0.039583996657468624,192,-0.02083977501146714,0.5052083333333334,False
NQ,90,ib_ratio,<,0.6240825208798167,1210,0.011288713579350155,0.5586776859504132,0.026686230122792302,580,0.03708025538298985,0.5827586206896552,False
NQ,90,ib_ratio,>,0.8314595404525268,162,-0.012064931381258448,0.5123456790123457,-0.018317689558843758,67,-0.03279700376955715,0.44776119402985076,False
NQ,90,ib_ratio,<,0.8314595404525268,1452,0.016948886143121216,0.5557851239669421,0.03900772310509695,705,0.027947107195025175,0.574468085106383,False
NQ,90,or30_range,>,16.75,1450,0.013146756005901386,0.5441379310344827,0.029001477987835665,767,0.022839822206399553,0.5658409387222947,False
NQ,90,or30_range,<,16.75,160,0.027070421925303116,0.61875,0.05079718703052017,5,-0.0025664624752080823,0.2,False
NQ,90,or30_range,>,27.0,1209,0.011064299588801223,0.543424317617866,0.023840370881968765,761,0.02314970365658776,0.5663600525624178,False
NQ,90,or30_range,<,27.0,403,0.02251351095524415,0.5732009925558312,0.04935567056669848,11,-0.010146651157351553,0.36363636363636365,False
NQ,90,or30_range,>,89.25,400,0.0035666066117087704,0.515,0.007339069057707602,425,0.006366889586276229,0.5623529411764706,False
NQ,90,or30_range,<,89.25,1209,0.016181590304101986,0.5624483043837882,0.03566729191002913,345,0.03980366620262968,0.5623188405797102,False
NQ,90,or30_range,>,133.35000000000002,162,0.0009992861242927892,0.4876543209876543,0.001972927418267377,178,0.006768232569067664,0.5617977528089888,False
NQ,90,or30_range,<,133.35000000000002,1452,0.015491308156964678,0.5585399449035813,0.033924177226036065,594,0.02744203017279188,0.563973063973064,False
NQ,90,pd_return,>,-0.016260300819535466,1452,0.011942877684764172,0.5523415977961432,0.026421295361341596,709,0.016850030561923846,0.5684062059238364,False
NQ,90,pd_return,<,-0.016260300819535466,162,0.03280373702327507,0.5432098765432098,0.060474828160373084,59,0.0777321683714981,0.4745762711864407,False
NQ,90,pd_return,>,-0.005064894008208337,1210,0.012384134312062468,0.5537190082644629,0.02786316109260557,581,0.005823370615596324,0.5662650602409639,False
NQ,90,pd_return,<,-0.005064894008208337,404,0.018986290293199398,0.5445544554455446,0.03718631237295751,187,0.07031813515861458,0.5454545454545454,False
NQ,90,pd_return,>,0.007742652461242283,404,-0.036946116372567395,0.5074257425742574,-0.09956659900968201,195,0.015369730972929017,0.5641025641025641,False
NQ,90,pd_return,<,0.007742652461242283,1210,0.031059086620301952,0.5661157024793388,0.06374579322690525,573,0.02362263885270722,0.5602094240837696,False
NQ,90,pd_return,>,0.015269855746114436,162,-0.051018257156943386,0.5,-0.12797732074379417,74,0.022624774373882953,0.5540540540540541,False
NQ,90,pd_return,<,0.015269855746114436,1452,0.021294918357763752,0.5571625344352618,0.0455198195190744,694,0.021410138758868952,0.5619596541786743,False
NQ,90,on_range_atr,>,0.4365087930685565,1452,0.014124002333133608,0.5550964187327824,0.029276554970299302,683,0.02118864934134727,0.5607613469985359,False
NQ,90,on_range_atr,<,0.4365087930685565,162,0.013254397582334203,0.5185185185185185,0.06757671513608232,89,0.03408386314373295,0.5842696629213483,False
NQ,90,on_range_atr,>,0.5914658742358513,1210,0.016923338697291887,0.5644628099173554,0.032916761160225676,563,0.02124468746681648,0.566607460035524,False
NQ,90,on_range_atr,<,0.5914658742358513,404,0.005391148446348911,0.5123762376237624,0.02195748683832515,209,0.02652895825892221,0.5550239234449761,False
NQ,90,on_range_atr,>,1.1929190680938007,404,-0.06136816346034343,0.5346534653465347,-0.08608599501350657,187,-0.032665393442446,0.5026737967914439,False
NQ,90,on_range_atr,<,1.1929190680938007,1210,0.03921322465622056,0.5570247933884298,0.11689908773578546,585,0.04036536733960653,0.582905982905983,False
NQ,90,on_range_atr,>,1.5937504290983393,162,-0.1829370557509777,0.4382716049382716,-0.20104950827216686,81,-0.06642468700765371,0.48148148148148145,False
NQ,90,on_range_atr,<,1.5937504290983393,1452,0.03601313142404031,0.5640495867768595,0.096135954872992,691,0.0331196974928399,0.573082489146165,False
NQ,150,ALL,,,1620,0.007863854375664328,0.5555555555555556,0.020171856834665085,772,-0.0014190243037296947,0.5401554404145078,False
NQ,150,d_pdh,>,-0.49478937870585205,1458,0.008000153299386331,0.5480109739368999,0.02035348040954266,698,-0.01583280771316365,0.5214899713467048,False
NQ,150,d_pdh,<,-0.49478937870585205,162,0.006637164062166324,0.6234567901234568,0.018399604730890046,72,0.12858731087007108,0.7083333333333334,False
NQ,150,d_pdh,>,-0.11719567579454152,1215,0.0037493957434667604,0.5432098765432098,0.009137010979238294,588,-0.006366820072114201,0.5306122448979592,False
NQ,150,d_pdh,<,-0.11719567579454152,405,0.020207230272257036,0.5925925925925926,0.0630143625404284,182,0.0107180044025277,0.5659340659340659,False
NQ,150,d_pdh,>,0.7788441258942651,405,0.0073486383604793705,0.5209876543209877,0.015466825519878226,172,0.02906330599279174,0.5465116279069767,False
NQ,150,d_pdh,<,0.7788441258942651,1215,0.008035593047392642,0.5670781893004115,0.022499307512716216,598,-0.011357695705523892,0.5367892976588629,False
NQ,150,d_pdh,>,1.3652713955977136,162,0.022971406781053184,0.5308641975308642,0.04355958591265033,78,0.026276688542762026,0.5256410256410257,False
NQ,150,d_pdh,<,1.3652713955977136,1458,0.006185237441732235,0.5582990397805213,0.0166430806142775,692,-0.005552883103292695,0.5404624277456648,False
NQ,150,d_pdl,>,-1.4288102496278954,1458,0.008698786540194299,0.5521262002743484,0.022337752993968205,684,-0.011955619519359216,0.5365497076023392,False
NQ,150,d_pdl,<,-1.4288102496278954,162,0.00034946489489458054,0.5864197530864198,0.0008852620950433127,86,0.07423988779184415,0.5581395348837209,False
NQ,150,d_pdl,>,-1.016961162043696,1215,0.006627535409637087,0.5407407407407407,0.01661115585036786,594,-0.0007769680870117062,0.5387205387205387,False
NQ,150,d_pdl,<,-1.016961162043696,405,0.011572811273746054,0.6,0.03201426555927248,176,-0.007565308849194052,0.5397727272727273,False
NQ,150,d_pdl,>,-0.10397667942916812,405,-0.005193033422997352,0.5185185185185185,-0.01155943799986726,185,0.003108515448075059,0.5405405405405406,False
NQ,150,d_pdl,<,-0.10397667942916812,1215,0.012216150308551556,0.5679012345679012,0.033194186738840725,585,-0.004048014972712808,0.5384615384615384,False
NQ,150,d_pdl,>,0.35386487547345685,162,-0.028683735334481462,0.49382716049382713,-0.06142180474082573,81,-0.003038595432011448,0.5185185185185185,False
NQ,150,d_pdl,<,0.35386487547345685,1458,0.011924697676791635,0.5624142661179699,0.03135779797352302,689,-0.002245119261466153,0.5413642960812772,False
NQ,150,d_pc,>,-0.8158069824853824,1458,0.0026898054923790234,0.5425240054869684,0.006939705637324927,690,-0.009182731324653873,0.5289855072463768,False
NQ,150,d_pc,<,-0.8158069824853824,162,0.054430294325232075,0.6728395061728395,0.13347268029209447,80,0.05678839016085082,0.625,False
NQ,150,d_pc,>,-0.43911613456836973,1215,-0.00037467521635179644,0.5300411522633744,-0.000940625845239272,578,-0.007681009714220956,0.5173010380622838,False
NQ,150,d_pc,<,-0.43911613456836973,405,0.032579443151712704,0.6320987654320988,0.08986042409031804,192,0.013784428196232316,0.6041666666666666,False
NQ,150,d_pc,>,0.29582401490687127,405,-0.022857049265423417,0.49382716049382713,-0.04652262238202398,175,-0.0063517147868195475,0.52,False
NQ,150,d_pc,<,0.29582401490687127,1215,0.01810415558936024,0.5761316872427984,0.051847110802608905,595,-0.0011453164931927516,0.5445378151260504,False
NQ,150,d_pc,>,0.7685480548381741,162,0.03419469613767019,0.5185185185185185,0.07075416550043909,75,-0.03548332772451889,0.44,False
NQ,150,d_pc,<,0.7685480548381741,1458,0.004938205290997011,0.5596707818930041,0.013059636586970487,695,0.0012492606880515234,0.5496402877697841,False
NQ,150,d_on_high,>,0.009828129923609505,1458,0.04089586502732457,0.6049382716049383,0.10702830393098559,686,0.030743431567862706,0.5874635568513119,False
NQ,150,d_on_high,<,0.009828129923609505,162,-0.2894242414892778,0.1111111111111111,-0.8799608752599295,86,-0.25797070718643184,0.16279069767441862,False
NQ,150,d_on_high,>,0.16435489360756267,1215,0.06539173636745739,0.6337448559670782,0.16603339066415218,558,0.05446807292756622,0.6218637992831542,True
NQ,150,d_on_high,<,0.16435489360756267,405,-0.16471979159971484,0.32098765432098764,-0.5129677243101552,214,-0.147143324561034,0.32710280373831774,False
NQ,150,d_on_high,>,0.6598461780503102,405,0.09664107066540523,0.5876543209876544,0.17891299513015657,178,0.08944266574356868,0.5898876404494382,True
NQ,150,d_on_high,<,0.6598461780503102,1215,-0.021728551054249312,0.5448559670781893,-0.06800927396655872,594,-0.028646938156287122,0.5252525252525253,False
NQ,150,d_on_high,>,1.0204389343996199,162,0.10732960391535405,0.5617283950617284,0.17988061713910097,67,0.0890144228042513,0.582089552238806,False
NQ,150,d_on_high,<,1.0204389343996199,1458,-0.0031878955731900853,0.5548696844993142,-0.008899565482064421,705,-0.010013408638814409,0.5361702127659574,False
NQ,150,d_on_low,>,-1.0929606265653011,1458,0.030996235310696,0.5624142661179699,0.09383541296517797,692,0.02070834485205879,0.5433526011560693,False
NQ,150,d_on_low,<,-1.0929606265653011,162,-0.20032757403962076,0.49382716049382713,-0.2854970645426211,80,-0.19282076750130006,0.5125,False
NQ,150,d_on_low,>,-0.7623155485660491,1215,0.05349325293369801,0.5728395061728395,0.17156900477488793,576,0.03072149160545795,0.5434027777777778,True
NQ,150,d_on_low,<,-0.7623155485660491,405,-0.12902434129843673,0.5037037037037037,-0.23882160131677355,196,-0.09587278534297501,0.5306122448979592,False
NQ,150,d_on_low,>,-0.1980180583865367,405,0.17781137507735392,0.7407407407407407,0.6261470119866688,192,0.1606884553133764,0.6875,True
NQ,150,d_on_low,<,-0.1980180583865367,1215,-0.04878531919156553,0.49382716049382713,-0.12083774543177879,580,-0.05508218997008204,0.49137931034482757,False
NQ,150,d_on_low,>,0.012235889401350456,162,0.29625678434700936,0.8950617283950617,0.9517252045949727,72,0.2816430167801196,0.9166666666666666,False
NQ,150,d_on_low,<,0.012235889401350456,1458,-0.02417980451004068,0.5178326474622771,-0.06287511473606168,700,-0.030533977100925622,0.5014285714285714,False
NQ,150,d_on_mid,>,-0.4575864467978068,1458,0.03899998983384983,0.5781893004115226,0.11241849853812891,685,0.031736872693199886,0.5635036496350365,False
NQ,150,d_on_mid,<,-0.4575864467978068,162,-0.27236136474800515,0.35185185185185186,-0.4595035215485293,87,-0.2624740753715086,0.3563218390804598,False
NQ,150,d_on_mid,>,-0.26130797357009805,1215,0.056761824495675954,0.5893004115226338,0.16472804855777778,579,0.04400187319910216,0.5699481865284974,True
NQ,150,d_on_mid,<,-0.26130797357009805,405,-0.13883005598437054,0.454320987654321,-0.2936708812342345,193,-0.13768171681222527,0.45077720207253885,False
NQ,150,d_on_mid,>,0.1837872934504687,405,0.15368952025525312,0.6567901234567901,0.3955657456056172,186,0.14974788541983772,0.6505376344086021,True
NQ,150,d_on_mid,<,0.1837872934504687,1215,-0.040744700917531934,0.5218106995884774,-0.10775269289379145,586,-0.04940033012042514,0.5051194539249146,False
NQ,150,d_on_mid,>,0.433992324572508,162,0.27074229881206113,0.7469135802469136,0.6310233546237539,73,0.2640703484785202,0.7671232876712328,False
NQ,150,d_on_mid,<,0.433992324572508,1458,-0.02134486167282421,0.5342935528120714,-0.057047283396823974,699,-0.02914538226239098,0.5164520743919886,False
NQ,150,d_vwap,>,-0.28067850531817046,1458,0.003056720062377807,0.5493827160493827,0.00782103681594546,696,-0.006358130104612262,0.5359195402298851,False
NQ,150,d_vwap,<,-0.28067850531817046,162,0.05112806319524301,0.6111111111111112,0.134812558989311,76,0.04381278671487909,0.5789473684210527,False
NQ,150,d_vwap,>,-0.16216480578910933,1215,0.0025119060900151797,0.5489711934156378,0.006252199175350219,574,-0.013059723481729546,0.5261324041811847,False
NQ,150,d_vwap,<,-0.16216480578910933,405,0.02391969923261177,0.5753086419753086,0.06802269822720566,198,0.03232724503047191,0.5808080808080808,False
NQ,150,d_vwap,>,0.11666013438723907,405,-0.030775477566280785,0.49876543209876545,-0.06532494286097718,188,-0.007096313236132163,0.526595744680851,False
NQ,150,d_vwap,<,0.11666013438723907,1215,0.02074363168964603,0.574485596707819,0.05794550095423694,584,0.00040859610601630614,0.5445205479452054,False
NQ,150,d_vwap,>,0.27681064523299964,162,-0.03562898550671832,0.5,-0.0630472462387293,74,0.016945991008394654,0.527027027027027,False
NQ,150,d_vwap,<,0.27681064523299964,1458,0.012696392140373509,0.5617283950617284,0.03476798969890286,698,-0.003366031657737147,0.5415472779369628,False
NQ,150,on_position,>,0.0,1450,-0.025489938867496856,0.5158620689655172,-0.0662243626243146,698,-0.030693598434361678,0.501432664756447,False
NQ,150,on_position,<,0.0,0,,,,0,,,False
NQ,150,on_position,>,0.2682495913346432,1215,-0.048545940132920774,0.508641975308642,-0.12449846622503298,587,-0.056406793688089554,0.4940374787052811,False
NQ,150,on_position,<,0.2682495913346432,405,0.17709323790141965,0.6962962962962963,0.5248148352521582,185,0.17305568179691486,0.6864864864864865,True
NQ,150,on_position,>,0.789706132879046,405,-0.16356725529996616,0.3728395061728395,-0.3974896110868169,202,-0.17732337039220608,0.3465346534653465,False
NQ,150,on_position,<,0.789706132879046,1215,0.06500755760087448,0.6164609053497943,0.17808306258732914,570,0.06091900711709879,0.6087719298245614,True
NQ,150,on_position,>,0.9891882294291588,162,-0.29884197177133287,0.1111111111111111,-0.8388890520629773,85,-0.2645929061559744,0.15294117647058825,False
NQ,150,on_position,<,0.9891882294291588,1458,0.041942279503108464,0.6049382716049383,0.11082389014071935,687,0.031142518574641197,0.5880640465793304,False
NQ,150,gap_atr,>,-0.5046490237191847,1458,0.002882257329228525,0.5521262002743484,0.007700995302107407,700,0.002727748488601697,0.5442857142857143,False
NQ,150,gap_atr,<,-0.5046490237191847,162,0.05269822779358658,0.5864197530864198,0.10367822165279685,70,-0.052891962045204244,0.4857142857142857,False
NQ,150,gap_atr,>,-0.19289473148486996,1215,0.001941141086099952,0.5588477366255145,0.005153771199053475,581,-8.727128314044872e-05,0.5490533562822719,False
NQ,150,gap_atr,<,-0.19289473148486996,405,0.025631994244357453,0.5456790123456791,0.060027891741638084,189,-0.009218565003378346,0.5079365079365079,False
NQ,150,gap_atr,>,0.30347409731851094,405,-0.0001606853267443444,0.582716049382716,-0.0003449991960830763,192,-0.024067225429295402,0.5677083333333334,False
NQ,150,gap_atr,<,0.30347409731851094,1215,0.010538700943133885,0.5465020576131687,0.029177590908182668,578,0.004892549967615248,0.5294117647058824,False
NQ,150,gap_atr,>,0.5390860321497593,162,0.05831143027073406,0.6358024691358025,0.12537260107814063,96,-0.06298521557167204,0.5,False
NQ,150,gap_atr,<,0.5390860321497593,1458,0.002258568165101027,0.546639231824417,0.005938315469576482,674,0.00631093070287449,0.5445103857566765,False
NQ,150,atr_pctile,>,0.47691595441595447,1458,0.0033803268482309173,0.5493827160493827,0.009052325935279278,771,-0.001569479760109159,0.5395590142671854,False
NQ,150,atr_pctile,<,0.47691595441595447,162,0.048215602122565,0.6111111111111112,0.09374489625063966,1,0.11458213256483592,1.0,False
NQ,150,atr_pctile,>,0.6748210478221139,1215,0.002000655606050262,0.5465020576131687,0.005416427501151107,586,0.0053530295582714755,0.5511945392491467,False
NQ,150,atr_pctile,<,0.6748210478221139,405,0.02545345068450652,0.582716049382716,0.05710856984840317,186,-0.0227546348582065,0.5053763440860215,False
NQ,150,atr_pctile,>,0.9224720843672457,405,-0.006710455752116705,0.5358024691358024,-0.016761029458667875,129,0.030632425221631312,0.5736434108527132,False
NQ,150,atr_pctile,<,0.9224720843672457,1215,0.012721957751591339,0.5621399176954732,0.032931227719988736,643,-0.007849252902130266,0.5334370139968896,False
NQ,150,atr_pctile,>,0.9653632506056182,162,-0.03118622471371771,0.5,-0.07743145195759187,64,0.03960297075349356,0.609375,False
NQ,150,atr_pctile,<,0.9653632506056182,1458,0.01220275205226233,0.5617283950617284,0.03142763224144829,708,-0.005127227246755527,0.5338983050847458,False
NQ,150,ret_5m,>,-0.0011079816846637613,1458,0.010099126129858776,0.5569272976680384,0.026615478773278817,708,-0.0020102094579530706,0.536723163841808,False
NQ,150,ret_5m,<,-0.0011079816846637613,162,-0.012253591412085723,0.5432098765432098,-0.025841289527560197,64,0.005120961464866448,0.578125,False
NQ,150,ret_5m,>,-0.000455644665634386,1215,0.013502857913412386,0.5539094650205761,0.037989439304654565,582,0.00388063868351326,0.5360824742268041,False
NQ,150,ret_5m,<,-0.000455644665634386,405,-0.009053156237579836,0.5604938271604938,-0.01891732729790734,190,-0.01765272882254758,0.5526315789473685,False
NQ,150,ret_5m,>,0.0005104817876002699,405,-0.002766200844102465,0.5333333333333333,-0.0067914067527119785,183,0.014438900798375103,0.5355191256830601,False
NQ,150,ret_5m,<,0.0005104817876002699,1215,0.011407206115586592,0.562962962962963,0.02970999548150744,589,-0.006346019708967687,0.5415959252971138,False
NQ,150,ret_5m,>,0.0011144836969118727,162,-0.00419412388505372,0.5123456790123457,-0.008587044936691591,67,-0.003546602948950886,0.4925373134328358,False
NQ,150,ret_5m,<,0.0011144836969118727,1458,0.009203629737966332,0.5603566529492455,0.024381310273999954,705,-0.0012168288863824285,0.5446808510638298,False
NQ,150,ret_15m,>,-0.0018749086232381473,1458,0.015375425865128578,0.5679012345679012,0.039617683782466016,698,0.000990033903388415,0.5444126074498568,False
NQ,150,ret_15m,<,-0.0018749086232381473,162,-0.05974028902951388,0.4444444444444444,-0.14929628933851946,74,-0.024142303068168062,0.5,False
NQ,150,ret_15m,>,-0.0006986786627037056,1215,0.029508278896359652,0.5769547325102881,0.08051093797020308,567,-0.0013533888455514046,0.5361552028218695,False
NQ,150,ret_15m,<,-0.0006986786627037056,405,-0.05706941918642166,0.49135802469135803,-0.12769315070978815,205,-0.0016005623758618478,0.551219512195122,False
NQ,150,ret_15m,>,0.000838046105552881,405,0.02602421966565665,0.5851851851851851,0.06383869758146084,229,-0.0020290545158778636,0.519650655021834,False
NQ,150,ret_15m,<,0.000838046105552881,1215,0.0018103992790002206,0.5456790123456791,0.004718223167381607,543,-0.0011617555770594768,0.5488029465930019,False
NQ,150,ret_15m,>,0.0017951211216663103,162,0.0212087008191061,0.5740740740740741,0.04516765685453188,97,0.04085812369869911,0.5670103092783505,False
NQ,150,ret_15m,<,0.0017951211216663103,1458,0.006381093659726353,0.5534979423868313,0.01678712410363305,675,-0.0074944070537083535,0.5362962962962963,False
NQ,150,ret_30m,>,-0.0028524714096581525,1458,0.008897878573634244,0.5624142661179699,0.023076533987797174,716,-0.0026828121174961293,0.5391061452513967,False
NQ,150,ret_30m,<,-0.0028524714096581525,162,-0.001442363406064913,0.49382716049382713,-0.003374193046883344,56,0.014739405600855487,0.5535714285714286,False
NQ,150,ret_30m,>,-0.001147797251071142,1215,0.019750199850516348,0.5736625514403292,0.054450400125334086,593,-0.017653052264221147,0.5278246205733558,False
NQ,150,ret_30m,<,-0.001147797251071142,405,-0.027795182048891733,0.5012345679012346,-0.060368415041957814,179,0.05236186162125037,0.5810055865921788,False
NQ,150,ret_30m,>,0.001365815644970958,405,0.015935516755049017,0.5654320987654321,0.03873301618571669,202,-0.004632262114231374,0.5643564356435643,False
NQ,150,ret_30m,<,0.001365815644970958,1215,0.005173300249202761,0.5522633744855967,0.0135243177976018,570,-0.0002802979217624283,0.531578947368421,False
NQ,150,ret_30m,>,0.0027164280355794104,162,-0.014050742075275777,0.5123456790123457,-0.03097387355657653,80,0.0166395780206069,0.5375,False
NQ,150,ret_30m,<,0.0027164280355794104,1458,0.010298809536879895,0.5603566529492455,0.026946114365854854,692,-0.0035067239944044427,0.5404624277456648,False
NQ,150,ret_60m,>,-0.004380713304159489,1458,0.004361227546969864,0.5589849108367627,0.011320387832861692,718,-0.0020012286873984813,0.5389972144846796,False
NQ,150,ret_60m,<,-0.004380713304159489,162,0.0393874958339145,0.5246913580246914,0.0918234003213403,54,0.006322137686533093,0.5555555555555556,False
NQ,150,ret_60m,>,-0.0015321026924362824,1215,0.017516426332059666,0.5720164609053497,0.04837796378412426,610,-0.001225125910968832,0.5426229508196722,False
NQ,150,ret_60m,<,-0.0015321026924362824,405,-0.021093861493521677,0.5061728395061729,-0.045601049490500166,162,-0.002149135535730458,0.5308641975308642,False
NQ,150,ret_60m,>,0.0020680915507722553,405,0.04038085017053339,0.5925925925925926,0.10351705867790952,201,0.043554168015875444,0.572139303482587,False
NQ,150,ret_60m,<,0.0020680915507722553,1215,-0.002975144222625359,0.5432098765432098,-0.007641939282404974,571,-0.017250218097496127,0.5288966725043783,False
NQ,150,ret_60m,>,0.004018670646535738,162,0.055682688078218946,0.5802469135802469,0.161427782688772,74,0.06682600050232507,0.527027027027027,False
NQ,150,ret_60m,<,0.004018670646535738,1458,0.0025506506309360354,0.5528120713305898,0.0064693743880450336,698,-0.008654170200073608,0.5415472779369628,False
NQ,150,rel_volume,>,0.683648633103673,1458,0.005714179164744473,0.551440329218107,0.014121578113263684,720,-0.008455378950198688,0.5347222222222222,False
NQ,150,rel_volume,<,0.683648633103673,162,0.027210931273943008,0.5925925925925926,0.12673149912679765,52,0.09600742464737949,0.6153846153846154,False
NQ,150,rel_volume,>,0.8239515619754907,1215,0.006977964961636187,0.5588477366255145,0.016960941600313438,619,0.002698926451896491,0.5444264943457189,False
NQ,150,rel_volume,<,0.8239515619754907,405,0.010521522617748748,0.5456790123456791,0.033204452564401465,153,-0.01807923030198205,0.5228758169934641,False
NQ,150,rel_volume,>,1.170713356544987,405,0.036564474314380944,0.5530864197530864,0.07550542540100964,167,-0.04177156729564373,0.49700598802395207,False
NQ,150,rel_volume,<,1.170713356544987,1215,-0.0017030189372412114,0.5563786008230452,-0.004830981621670359,605,0.009719611530401944,0.5520661157024793,False
NQ,150,rel_volume,>,1.4172189180358348,162,0.04238114981003653,0.5679012345679012,0.07162055578551295,40,-0.05550778420420267,0.525,False
NQ,150,rel_volume,<,1.4172189180358348,1458,0.00402859932740075,0.5541838134430727,0.011171825575962144,732,0.0015366456361868613,0.5409836065573771,False
NQ,150,upbars10,>,3.0,1277,0.014399764873787075,0.5583398590446359,0.035809247268358955,634,-0.007173500754075424,0.5378548895899053,False
NQ,150,upbars10,<,3.0,100,-0.012441840758337715,0.59,-0.03226745333470428,38,-0.030269266727511245,0.5789473684210527,False
NQ,150,upbars10,>,4.0,921,0.020692507881069796,0.5570032573289903,0.054380541120218465,490,-0.00582685071936303,0.5306122448979592,False
NQ,150,upbars10,<,4.0,343,-0.01646955001530578,0.5451895043731778,-0.048486162582489216,138,0.02501820808409055,0.5507246376811594,False
NQ,150,upbars10,>,6.0,238,0.0014091250942499663,0.5252100840336135,0.003567534162590531,157,-0.01904324584234154,0.5414012738853503,False
NQ,150,upbars10,<,6.0,1091,0.004652568663555951,0.5627864344637947,0.011873994503926242,454,0.0068443399614897356,0.552863436123348,False
NQ,150,upbars10,>,7.0,71,0.06537630303277783,0.5915492957746479,0.14205228047172108,61,0.013976094514172895,0.5901639344262295,False
NQ,150,upbars10,<,7.0,1382,0.00897545030111774,0.5607814761215629,0.023068152287913125,615,0.0030801672110053638,0.5398373983739837,False
NQ,150,ib_ratio,>,0.27805622442645006,1458,0.006390815417518165,0.5582990397805213,0.0159098974782451,678,-0.007487158673199815,0.5383480825958702,False
NQ,150,ib_ratio,<,0.27805622442645006,162,0.021121204998979796,0.5308641975308642,0.08106967891236525,94,0.04234900870159732,0.5531914893617021,False
NQ,150,ib_ratio,>,0.3513223936885525,1215,0.007863280606534153,0.557201646090535,0.018597422980462207,593,-0.00903410253213964,0.5295109612141653,False
NQ,150,ib_ratio,<,0.3513223936885525,405,0.007865575683054843,0.5506172839506173,0.029347068371420915,179,0.023808581223907735,0.5754189944134078,False
NQ,150,ib_ratio,>,0.6237207785869517,405,0.015129552722107035,0.5580246913580247,0.03338289419691776,193,-0.04468173539200317,0.5077720207253886,False
NQ,150,ib_ratio,<,0.6237207785869517,1215,0.005441954926850095,0.5547325102880658,0.01484965287094085,579,0.013001879392361464,0.5509499136442142,False
NQ,150,ib_ratio,>,0.8310985052472756,162,-0.04230600166370879,0.5246913580246914,-0.07582898765546017,67,-0.043624861044520805,0.5074626865671642,False
NQ,150,ib_ratio,<,0.8310985052472756,1458,0.01343828282448356,0.5589849108367627,0.03668744688069072,705,0.0025920268475227923,0.5432624113475177,False
NQ,150,or30_range,>,16.75,1455,0.006315866460754674,0.5505154639175258,0.016518183143916343,767,-0.0014924417678121406,0.5423728813559322,False
NQ,150,or30_range,<,16.75,161,0.025602384002641105,0.6086956521739131,0.056765161912744846,5,0.009843214686517407,0.2,False
NQ,150,or30_range,>,26.999999999999773,1215,0.00814731110864254,0.5522633744855967,0.02107389823674014,761,-0.0014409314517145496,0.5427069645203679,False
NQ,150,or30_range,<,26.999999999999773,405,0.007013484176729688,0.5654320987654321,0.017539018820299256,11,9.655202504100816e-05,0.36363636363636365,False
NQ,150,or30_range,>,89.0625,405,0.00491658785728781,0.5209876543209877,0.012184643376458406,427,-0.006698361550686947,0.5480093676814989,False
NQ,150,or30_range,<,89.0625,1215,0.0088462765484565,0.5670781893004115,0.022956730954367517,345,0.005115111941055076,0.5304347826086957,False
NQ,150,or30_range,>,133.05000000000007,162,7.419456974455263e-05,0.47530864197530864,0.0001764300454729882,181,-0.013708658102291504,0.5469613259668509,False
NQ,150,or30_range,<,133.05000000000007,1458,0.008729372131877635,0.5644718792866941,0.022589944146751743,591,0.0023448060135963476,0.5380710659898477,False
NQ,150,pd_return,>,-0.016236690921231322,1458,0.003497545221848157,0.5534979423868313,0.009226140185139715,709,-0.0052968158176631575,0.5444287729196051,False
NQ,150,pd_return,<,-0.016236690921231322,162,0.04716063676000986,0.5740740740740741,0.09920005506056696,59,0.025562135499979766,0.4576271186440678,False
NQ,150,pd_return,>,-0.005042170846222799,1215,0.004495127510532163,0.551440329218107,0.012112624494186043,581,-0.010416133021656363,0.5438898450946644,False
NQ,150,pd_return,<,-0.005042170846222799,405,0.017970034971060818,0.5679012345679012,0.04068889377260335,187,0.02034490302330465,0.5187165775401069,False
NQ,150,pd_return,>,0.007754669086658894,405,-0.03251952041588033,0.4962962962962963,-0.103072681630426,195,-0.01499658570557913,0.48205128205128206,False
NQ,150,pd_return,<,0.007754669086658894,1215,0.021324979306179218,0.5753086419753086,0.05189998623938457,573,0.0011816017318735728,0.5567190226876091,False
NQ,150,pd_return,>,0.015257196563223687,162,-0.06015059491665579,0.4506172839506173,-0.1697849710888764,74,-0.0013579157794814383,0.4864864864864865,False
NQ,150,pd_return,<,0.015257196563223687,1458,0.01542101540814434,0.5672153635116598,0.03924102254854792,694,-0.0030933582889664944,0.5432276657060519,False
NQ,150,on_range_atr,>,0.4367557389931687,1458,0.00788793705428386,0.5541838134430727,0.019396708847224078,683,-0.002491323692278113,0.5534407027818448,False
NQ,150,on_range_atr,<,0.4367557389931687,162,0.007647110268088562,0.5679012345679012,0.04296768444135896,89,0.006809969880299217,0.43820224719101125,False
NQ,150,on_range_atr,>,0.5913167470604378,1215,0.014337841100393505,0.5720164609053497,0.033264659479206364,563,-0.006444475824548232,0.5523978685612788,False
NQ,150,on_range_atr,<,0.5913167470604378,405,-0.011558105798523217,0.5061728395061729,-0.051549712888771075,209,0.01211843601311641,0.507177033492823,False
NQ,150,on_range_atr,>,1.1923519755232315,405,-0.05904920268360463,0.5456790123456791,-0.10013940639102795,188,-0.07326684327645622,0.5053191489361702,False
NQ,150,on_range_atr,<,1.1923519755232315,1215,0.030168206728753977,0.5588477366255145,0.10349183886898883,584,0.021710068105298713,0.5513698630136986,False
NQ,150,on_range_atr,>,1.594164606646161,162,-0.15813519284669345,0.4506172839506173,-0.21084424626333736,81,-0.10537310937244454,0.49382716049382713,False
NQ,150,on_range_atr,<,1.594164606646161,1458,0.026308192955926304,0.5672153635116598,0.08184912772665959,691,0.01076662097928898,0.5455861070911722,False
NQ,210,ALL,,,1583,0.008353419993756566,0.5432722678458622,0.025069262555232504,752,-0.005194724881608745,0.5199468085106383,False
NQ,210,d_pdh,>,-0.5384764555790885,1424,0.006639291999101866,0.5365168539325843,0.01947031301867898,678,-0.011878533216630235,0.5058997050147492,False
NQ,210,d_pdh,<,-0.5384764555790885,159,0.02370510719116719,0.6037735849056604,0.09354433766475898,72,0.05660217321296111,0.6527777777777778,False
NQ,210,d_pdh,>,-0.1316319284124881,1187,0.000335409495491234,0.5240101095197978,0.0009467985615663218,560,-0.013460215971422732,0.5,False
NQ,210,d_pdh,<,-0.1316319284124881,396,0.032387203987294305,0.601010101010101,0.12502513455979739,190,0.01873385207607701,0.5789473684210527,False
NQ,210,d_pdh,>,0.8033608606061238,396,-0.002277677209744639,0.51010101010101,-0.005225746856946391,172,0.005709208581370858,0.5116279069767442,False
NQ,210,d_pdh,<,0.8033608606061238,1187,0.01190010448624728,0.5543386689132266,0.04086909519696388,578,-0.008581787068404642,0.5224913494809689,False
NQ,210,d_pdh,>,1.420433297334592,159,-0.004445363717567736,0.49056603773584906,-0.008246114625480139,67,0.029665620135960694,0.4925373134328358,False
NQ,210,d_pdh,<,1.420433297334592,1424,0.009782497669388981,0.5491573033707865,0.03240206892318797,683,-0.008734825181041673,0.5226939970717424,False
NQ,210,d_pdl,>,-1.4468697387477263,1424,0.007559063274837084,0.5365168539325843,0.022706494842849003,671,-0.007127838969426638,0.5141579731743666,False
NQ,210,d_pdl,<,-1.4468697387477263,159,0.015467658784582589,0.6037735849056604,0.04590391977069103,79,0.010183429100546548,0.569620253164557,False
NQ,210,d_pdl,>,-1.0193859857308385,1187,0.0009581624271258357,0.5172704296545914,0.002826731206778307,562,-0.0051223161174155304,0.501779359430605,False
NQ,210,d_pdl,<,-1.0193859857308385,396,0.03052051780080372,0.6212121212121212,0.0969769748622757,188,-0.005848656338056225,0.574468085106383,False
NQ,210,d_pdl,>,-0.09981475092008413,396,-0.0038995978550552873,0.5151515151515151,-0.009329692626289481,183,-0.009062821628846057,0.4972677595628415,False
NQ,210,d_pdl,<,-0.09981475092008413,1187,0.012441200169097333,0.552653748946925,0.04150492905082844,567,-0.004091345134855851,0.527336860670194,False
NQ,210,d_pdl,>,0.4066132478632471,159,-0.039727984567543416,0.4591194968553459,-0.08024103153173172,69,0.0246549719938146,0.5217391304347826,False
NQ,210,d_pdl,<,0.4066132478632471,1424,0.013722059969351155,0.5526685393258427,0.044303316237783774,681,-0.008339915003106175,0.5198237885462555,False
NQ,210,d_pc,>,-0.8526528522540515,1424,0.001970457823433572,0.5308988764044944,0.00586853288446243,671,-0.006568235759484685,0.5141579731743666,False
NQ,210,d_pc,<,-0.8526528522540515,159,0.06551906861350464,0.6540880503144654,0.21519752703351275,79,0.005430343608507957,0.569620253164557,False
NQ,210,d_pc,>,-0.46799145893982663,1187,0.0011048198142077658,0.5214827295703454,0.003204121023574166,567,-0.012445453831469817,0.4973544973544973,False
NQ,210,d_pc,<,-0.46799145893982663,396,0.030080915986495014,0.6085858585858586,0.10194339283780611,183,0.01682122007049885,0.5901639344262295,False
NQ,210,d_pc,>,0.3106286425630429,396,-0.013621538992524069,0.49242424242424243,-0.03250169200203932,178,-0.001132323837252502,0.5056179775280899,False
NQ,210,d_pc,<,0.3106286425630429,1187,0.015684577330375888,0.5602358887952822,0.05246013745413759,572,-0.0066026842771174,0.5244755244755245,False
NQ,210,d_pc,>,0.8176576933311147,159,-0.03185639404555229,0.46540880503144655,-0.06364135287029372,66,-0.055847386536886374,0.4090909090909091,False
NQ,210,d_pc,<,0.8176576933311147,1424,0.012843139398426587,0.5519662921348315,0.04157770019210466,684,-0.0004274291492801116,0.5307017543859649,False
NQ,210,d_on_high,>,0.012476361210095066,1424,0.03759991186073075,0.5898876404494382,0.11647636766941749,666,0.029293382494353,0.5720720720720721,False
NQ,210,d_on_high,<,0.012476361210095066,159,-0.2535774254060626,0.12578616352201258,-0.8165370990591374,86,-0.27227704479312637,0.11627906976744186,False
NQ,210,d_on_high,>,0.15370012817808643,1187,0.05307568260520595,0.6149957877000842,0.155044290494064,553,0.044638015269384386,0.6039783001808319,True
NQ,210,d_on_high,<,0.15370012817808643,396,-0.12570043283399704,0.3282828282828283,-0.479216727636841,199,-0.14367465102984595,0.2864321608040201,False
NQ,210,d_on_high,>,0.6607925427769167,396,0.04179909350641716,0.5404040404040404,0.08876761996870751,188,0.04173873082580075,0.526595744680851,False
NQ,210,d_on_high,<,0.6607925427769167,1187,-0.0028045300576449474,0.544229149115417,-0.010326530700361696,564,-0.02083921011741191,0.5177304964539007,False
NQ,210,d_on_high,>,1.0424976090593663,159,0.04834257957029853,0.5408805031446541,0.08443641543370085,72,-0.0069708602505223725,0.4444444444444444,False
NQ,210,d_on_high,<,1.0424976090593663,1424,0.0038883382713758292,0.5435393258426966,0.013194613706860057,680,-0.005006663489606127,0.5279411764705882,False
NQ,210,d_on_low,>,-1.1234677955793502,1424,0.024747664552479134,0.547752808988764,0.08464624581628052,672,0.011293425487251933,0.5238095238095238,False
NQ,210,d_on_low,<,-1.1234677955793502,159,-0.1384730218403374,0.5031446540880503,-0.24564883747772015,80,-0.1436951879800384,0.4875,False
NQ,210,d_on_low,>,-0.7598422970994858,1187,0.038286615613740874,0.5534962089300758,0.13722385061889417,548,0.023529664493805006,0.5218978102189781,False
NQ,210,d_on_low,<,-0.7598422970994858,396,-0.08137057798836811,0.5126262626262627,-0.1818638098341958,204,-0.08235631987046531,0.5147058823529411,False
NQ,210,d_on_low,>,-0.19821837863394723,396,0.14640065954914752,0.6843434343434344,0.5372002197127964,179,0.1337815180545267,0.6871508379888268,True
NQ,210,d_on_low,<,-0.19821837863394723,1187,-0.03770109294974371,0.4962089300758214,-0.11123129560799727,573,-0.048609641959389285,0.4677137870855148,False
NQ,210,d_on_low,>,0.011226715317262038,159,0.2848928469320062,0.89937106918239,1.028320936238412,71,0.23469346161252844,0.9154929577464789,False
NQ,210,d_on_low,<,0.011226715317262038,1424,-0.02252422669387104,0.5035112359550562,-0.0693739207846337,681,-0.030205093811247127,0.4787077826725404,False
NQ,210,d_on_mid,>,-0.4868844212457385,1424,0.024536434668943702,0.5582865168539326,0.0773575208611849,673,0.02359185122299013,0.5408618127786032,False
NQ,210,d_on_mid,<,-0.4868844212457385,159,-0.13658125231735332,0.4088050314465409,-0.3200272323398064,79,-0.25042720232964716,0.34177215189873417,False
NQ,210,d_on_mid,>,-0.26634974138815964,1187,0.03949075334628323,0.5644481887110362,0.12314370651052801,542,0.03243829111476136,0.5461254612546126,False
NQ,210,d_on_mid,<,-0.26634974138815964,396,-0.08497995043414533,0.4797979797979798,-0.2410767902770017,210,-0.10232374711985923,0.4523809523809524,False
NQ,210,d_on_mid,>,0.17767881287014237,396,0.11556563750499618,0.6338383838383839,0.34090719962584304,199,0.08784006829128498,0.5979899497487438,True
NQ,210,d_on_mid,<,0.17767881287014237,1187,-0.027414093177642672,0.5130581297388374,-0.08471783268799894,553,-0.038673791502595804,0.4918625678119349,False
NQ,210,d_on_mid,>,0.4439214218474531,159,0.19912420160301572,0.7044025157232704,0.5103473995186316,81,0.15792292702150193,0.6419753086419753,False
NQ,210,d_on_mid,<,0.4439214218474531,1424,-0.012947531042670544,0.5252808988764045,-0.04053754852764028,671,-0.02488552935873537,0.5052160953800298,False
NQ,210,d_vwap,>,-0.2929539205685416,1424,0.006113368663143641,0.5351123595505618,0.01855959624900264,666,-0.008196836219413766,0.5135135135135135,False
NQ,210,d_vwap,<,-0.2929539205685416,159,0.028415263357233315,0.6163522012578616,0.07759726493784953,86,0.018054183850695224,0.5697674418604651,False
NQ,210,d_vwap,>,-0.17981357046344554,1187,0.0003389769155055163,0.5265374894692502,0.0010115785821303463,556,-0.018204505228446473,0.5071942446043165,False
NQ,210,d_vwap,<,-0.17981357046344554,396,0.03237651073588787,0.5934343434343434,0.09908829314198365,196,0.031710570387992146,0.5561224489795918,False
NQ,210,d_vwap,>,0.10910470606673489,396,-0.017596162480481035,0.49747474747474746,-0.04203622099391448,209,-0.011551965606985678,0.49282296650717705,False
NQ,210,d_vwap,<,0.10910470606673489,1187,0.017010567980107104,0.5585509688289806,0.05687714003732097,543,-0.0027478311217491148,0.5303867403314917,False
NQ,210,d_vwap,>,0.29686399628757054,159,-0.02732221834332002,0.48427672955974843,-0.054978827488758125,65,-0.03981713342625636,0.4461538461538462,False
NQ,210,d_vwap,<,0.29686399628757054,1424,0.012336865566505989,0.5498595505617978,0.03984658881806515,687,-0.0019189511473990005,0.5269286754002911,False
NQ,210,on_position,>,0.0,1419,-0.02279703848577985,0.5038759689922481,-0.07013146591626565,677,-0.0308045471982517,0.47858197932053176,False
NQ,210,on_position,<,0.0,0,,,,0,,,False
NQ,210,on_position,>,0.2695384348429637,1187,-0.035915786316658226,0.5037910699241785,-0.10805045107530058,560,-0.041953357575971725,0.48214285714285715,False
NQ,210,on_position,<,0.2695384348429637,396,0.14104924799997465,0.6616161616161617,0.4717395213516574,192,0.10201795381028327,0.6302083333333334,True
NQ,210,on_position,>,0.8162515006002401,396,-0.11693380968123926,0.3686868686868687,-0.40674693133213696,195,-0.15035415800937482,0.3487179487179487,False
NQ,210,on_position,<,0.8162515006002401,1187,0.050151013044555506,0.6015164279696714,0.14880329708558482,557,0.045624107182869494,0.5798922800718133,True
NQ,210,on_position,>,0.9858585858585859,159,-0.2535774254060626,0.12578616352201258,-0.8165370990591374,87,-0.26801628824480106,0.12643678160919541,False
NQ,210,on_position,<,0.9858585858585859,1424,0.03759991186073075,0.5898876404494382,0.11647636766941749,665,0.029189449573425442,0.5714285714285714,False
NQ,210,gap_atr,>,-0.5079263206545804,1424,0.0033518134228851053,0.538623595505618,0.01055578820147254,681,0.00043829109761891,0.5301027900146843,False
NQ,210,gap_atr,<,-0.5079263206545804,159,0.05314768261590095,0.5849056603773585,0.11843107059414971,69,-0.06198210560899382,0.42028985507246375,False
NQ,210,gap_atr,>,-0.19621687000406693,1187,0.0019741440292294766,0.5374894692502106,0.006322437631346694,565,-0.004223796090581612,0.5274336283185841,False
NQ,210,gap_atr,<,-0.19621687000406693,396,0.02747513860459912,0.5606060606060606,0.07059715143932818,185,-0.008604563558721552,0.4972972972972973,False
NQ,210,gap_atr,>,0.3114671844507476,396,0.0077319936884519885,0.5934343434343434,0.02102125808794796,188,-0.03318926674568218,0.5159574468085106,False
NQ,210,gap_atr,<,0.3114671844507476,1187,0.008560736604456321,0.5265374894692502,0.026668395177181472,562,0.004023653200437993,0.5213523131672598,False
NQ,210,gap_atr,>,0.5436943771424181,159,0.05468221712004797,0.660377358490566,0.14868538308208556,94,-0.05861090150558959,0.48936170212765956,False
NQ,210,gap_atr,<,0.5436943771424181,1424,0.0031804714382226234,0.5301966292134831,0.009671016837657712,656,0.002334048310950189,0.524390243902439,False
NQ,210,atr_pctile,>,0.47746805449775753,1424,0.004985105100588857,0.5330056179775281,0.015415783617527441,751,-0.00531338537859803,0.5193075898801598,False
NQ,210,atr_pctile,<,0.47746805449775753,159,0.03851996343948497,0.6352201257861635,0.09373212463079053,1,0.08391930835734362,1.0,False
NQ,210,atr_pctile,>,0.675375731688024,1187,0.007372377491053011,0.5391743892165122,0.023044708531161123,569,0.0032069489649660774,0.5219683655536028,False
NQ,210,atr_pctile,<,0.675375731688024,396,0.011294070121809894,0.5555555555555556,0.030471415625176603,183,-0.03131796214227036,0.5136612021857924,False
NQ,210,atr_pctile,>,0.9230769230769231,395,-0.012094768023379712,0.5037974683544304,-0.03501101380219918,124,0.024764634642152186,0.5080645161290323,False
NQ,210,atr_pctile,<,0.9230769230769231,1186,0.015550371491055912,0.5573355817875211,0.047270333866008395,628,-0.011110267207956446,0.5222929936305732,False
NQ,210,atr_pctile,>,0.9655068861965413,159,-0.018775677466171245,0.4716981132075472,-0.053655857907183475,63,0.054749196364711636,0.5714285714285714,False
NQ,210,atr_pctile,<,0.9655068861965413,1424,0.011382581859015356,0.5512640449438202,0.03435882021273763,689,-0.010675809117484192,0.5152394775036284,False
NQ,210,ret_5m,>,-0.0008943307900759034,1424,0.008947459078078588,0.5435393258426966,0.028884701911190063,666,-0.009714774872471748,0.5135135135135135,False
NQ,210,ret_5m,<,-0.0008943307900759034,159,0.003033220898948006,0.5408805031446541,0.006097094823702171,85,0.029130736371997114,0.5647058823529412,False
NQ,210,ret_5m,>,-0.00032050666544869433,1187,0.00915659218788728,0.5467565290648694,0.030333246720605014,531,-0.007546268496063804,0.512241054613936,False
NQ,210,ret_5m,<,-0.00032050666544869433,396,0.00594593162397586,0.5328282828282829,0.014375461393823596,220,5.9732263470234735e-05,0.5363636363636364,False
NQ,210,ret_5m,>,0.0004241485729105099,396,0.014930752790461526,0.5303030303030303,0.04680705372911004,174,-0.018818443519172043,0.5,False
NQ,210,ret_5m,<,0.0004241485729105099,1187,0.006159128681629215,0.5475989890480202,0.018226075853847473,577,-0.0012469987887530236,0.5251299826689775,False
NQ,210,ret_5m,>,0.0008804211917888602,159,0.016550709680628894,0.4968553459119497,0.046698429576513184,70,-0.028200985610469596,0.45714285714285713,False
NQ,210,ret_5m,<,0.0008804211917888602,1424,0.00743813273237124,0.5484550561797753,0.02247979129908178,681,-0.002966018327039,0.5256975036710719,False
NQ,210,ret_15m,>,-0.0015415618860060043,1424,0.012030769326080588,0.5463483146067416,0.037321660340933656,667,-0.0016587721819289677,0.5232383808095952,False
NQ,210,ret_15m,<,-0.0015415618860060043,159,-0.024580828114604495,0.5157232704402516,-0.058819717695918955,84,-0.03437531462023577,0.4880952380952381,False
NQ,210,ret_15m,>,-0.0006083382836045148,1187,0.0093839683794947,0.5459140690817186,0.029317033211898092,547,0.008453064915486376,0.5191956124314442,False
NQ,210,ret_15m,<,-0.0006083382836045148,396,0.005264377231455631,0.5353535353535354,0.01422023594886466,204,-0.04224389206969353,0.5196078431372549,False
NQ,210,ret_15m,>,0.0006492156230700763,396,0.015076296966193769,0.5353535353535354,0.04635016047181109,231,-0.005762043172598006,0.5021645021645021,False
NQ,210,ret_15m,<,0.0006492156230700763,1187,0.0061105730846705225,0.5459140690817186,0.018190175599720262,520,-0.005120952885723639,0.5269230769230769,False
NQ,210,ret_15m,>,0.0014994525712439084,159,0.030428542340053426,0.5220125786163522,0.08914220809914199,92,-0.03530020264046007,0.4673913043478261,False
NQ,210,ret_15m,<,0.0014994525712439084,1424,0.005888571360988868,0.5456460674157303,0.017719344077495213,659,-0.001132486844497877,0.5265553869499241,False
NQ,210,ret_30m,>,-0.002340127648911805,1424,0.0078382898907089,0.5463483146067416,0.0242147577117657,677,-0.0004969038188923016,0.5228951255539144,False
NQ,210,ret_30m,<,-0.002340127648911805,159,0.012966912237403552,0.5157232704402516,0.03163573977277464,74,-0.04942599443319382,0.4864864864864865,False
NQ,210,ret_30m,>,-0.0008170894203131662,1187,0.008925276203123037,0.5459140690817186,0.028323267807659445,539,0.006578284733654121,0.5269016697588126,False
NQ,210,ret_30m,<,-0.0008170894203131662,396,0.006639295446993928,0.5353535353535354,0.01734454909791391,212,-0.03556425917399058,0.5,False
NQ,210,ret_30m,>,0.0010124723222625365,396,0.019675353746006694,0.5378787878787878,0.057387773711246766,222,0.032434876007469894,0.5495495495495496,False
NQ,210,ret_30m,<,0.0010124723222625365,1187,0.004576262650967138,0.5450716090985678,0.013867572690644063,529,-0.021161568898118613,0.5066162570888468,False
NQ,210,ret_30m,>,0.0021906301547227167,159,0.039366366811556516,0.5660377358490566,0.10691568218188553,76,0.04944192663576358,0.5394736842105263,False
NQ,210,ret_30m,<,0.0021906301547227167,1424,0.004890597982499407,0.5407303370786517,0.014863382705105259,675,-0.011483724292984387,0.5170370370370371,False
NQ,210,ret_60m,>,-0.0035772433130300428,1424,0.016245497090460154,0.5554775280898876,0.052119562196850065,677,-0.007282524393569625,0.5140324963072378,False
NQ,210,ret_60m,<,-0.0035772433130300428,159,-0.06232782394150076,0.4339622641509434,-0.12964684705852017,74,0.012653264067570325,0.5675675675675675,False
NQ,210,ret_60m,>,-0.001370775054694906,1187,0.009852998425297287,0.5450716090985678,0.03286896548287465,558,-0.007551700544316785,0.514336917562724,False
NQ,210,ret_60m,<,-0.001370775054694906,396,0.0038584715133554623,0.5378787878787878,0.009227360968951031,193,0.0011394892760742948,0.533678756476684,False
NQ,210,ret_60m,>,0.0015780702792407286,396,0.0049369919995052155,0.5202020202020202,0.01515301053857996,216,0.016895741796454235,0.5509259259259259,False
NQ,210,ret_60m,<,0.0015780702792407286,1187,0.00949318872646384,0.5509688289806234,0.028272462779909226,535,-0.014286743367253354,0.5065420560747663,False
NQ,210,ret_60m,>,0.0028924629526260403,159,0.010781933866953471,0.5723270440251572,0.029592866598759746,100,0.0349672805062807,0.52,False
NQ,210,ret_60m,<,0.0028924629526260403,1424,0.008082258683476857,0.5400280898876404,0.024514479601965972,651,-0.011506383293509215,0.5192012288786483,False
NQ,210,rel_volume,>,0.703760987500565,1424,0.009172789143371959,0.5470505617977528,0.02672884819019746,713,-0.00930215848293732,0.5189340813464236,False
NQ,210,rel_volume,<,0.703760987500565,159,0.0010151705028614642,0.5094339622641509,0.004496821435726454,39,0.06989758685550083,0.5384615384615384,False
NQ,210,rel_volume,>,0.8314930739898778,1187,0.010262273515821289,0.5492839090143218,0.02904696663091849,614,0.0009614473950074179,0.5162866449511401,False
NQ,210,rel_volume,<,0.8314930739898778,396,0.0026316797647393184,0.5252525252525253,0.009956314474841544,138,-0.03258523051814733,0.5362318840579711,False
NQ,210,rel_volume,>,1.187717661322211,396,0.027556845618570986,0.5808080808080808,0.06042677771210295,162,-0.03606925826918214,0.4876543209876543,False
NQ,210,rel_volume,<,1.187717661322211,1187,0.0019468854129423153,0.5307497893850042,0.006940991836062731,590,0.003282689370572425,0.5288135593220339,False
NQ,210,rel_volume,>,1.4373115178467903,159,0.03441817289406649,0.5974842767295597,0.06131512129200735,33,-0.020231298750151106,0.5454545454545454,False
NQ,210,rel_volume,<,1.4373115178467903,1424,0.0054430999718820695,0.5372191011235955,0.01831051925439746,719,-0.004504590058713196,0.5187760778859527,False
NQ,210,upbars10,>,3.0,1257,0.016814314306132516,0.552903739061257,0.051439964328665405,637,-0.003770551724942881,0.5180533751962323,False
NQ,210,upbars10,<,3.0,97,-0.012969635049242104,0.5360824742268041,-0.03825742130962344,45,-0.06725657978643335,0.4,False
NQ,210,upbars10,>,4.0,895,0.0138787785020423,0.5541899441340782,0.04122557700538493,482,-0.006236469778946211,0.5103734439834025,False
NQ,210,upbars10,<,4.0,326,-0.024270335069607143,0.5061349693251533,-0.06831854094941639,115,-0.01308340575809705,0.5304347826086957,False
NQ,210,upbars10,>,6.0,199,0.05034376029513276,0.5628140703517588,0.14625474769120644,157,-0.04641051122765901,0.4394904458598726,False
NQ,210,upbars10,<,6.0,1082,-0.0021283591251568448,0.5351201478743068,-0.0062155408695018085,434,-0.003740138971648883,0.5368663594470046,False
NQ,210,upbars10,>,7.0,59,0.08765162564777729,0.5932203389830508,0.21353037028101388,57,-0.04558579960935831,0.43859649122807015,False
NQ,210,upbars10,<,7.0,1384,0.0023157915833708236,0.5404624277456648,0.006990195362092133,595,0.005680701095416281,0.5411764705882353,False
NQ,210,ib_ratio,>,0.29255740877051334,1424,0.00960387622159713,0.547752808988764,0.028221203514848976,665,-0.010539762696868682,0.5172932330827068,False
NQ,210,ib_ratio,<,0.29255740877051334,159,-0.002845634524765212,0.5031446540880503,-0.010867451136440522,87,0.03566102393618271,0.5402298850574713,False
NQ,210,ib_ratio,>,0.3571510799523996,1187,0.013421179283288056,0.5551811288963774,0.038095506751483973,585,-0.013771655619576967,0.5145299145299145,False
NQ,210,ib_ratio,<,0.3571510799523996,396,-0.0068370605028946485,0.5075757575757576,-0.025531416426307744,167,0.024850212134627233,0.5389221556886228,False
NQ,210,ib_ratio,>,0.6286345363091799,396,0.022025856704822364,0.5505050505050505,0.05420415853422957,190,-0.04769581831380068,0.48947368421052634,False
NQ,210,ib_ratio,<,0.6286345363091799,1187,0.0037921015964675546,0.5408593091828138,0.012432969414865434,562,0.009173972186214152,0.5302491103202847,False
NQ,210,ib_ratio,>,0.8330267416626095,159,-0.024743730109047114,0.5094339622641509,-0.049533143095616176,67,-0.04706719593683774,0.5074626865671642,False
NQ,210,ib_ratio,<,0.8330267416626095,1424,0.012048958523493771,0.5470505617977528,0.03897026841278013,685,-0.0010991693185425553,0.5211678832116788,False
NQ,210,or30_range,>,17.5,1417,0.008760099429144658,0.5398729710656316,0.026542100933723608,751,-0.005318145770234925,0.5193075898801598,False
NQ,210,or30_range,<,17.5,158,0.011772644126859999,0.5759493670886076,0.0326230846318273,1,0.08749436247665252,1.0,False
NQ,210,or30_range,>,27.75,1179,0.011428833351394494,0.546225614927905,0.03372459409621629,751,-0.005318145770234925,0.5193075898801598,False
NQ,210,or30_range,<,27.75,392,-0.0007243657653659124,0.5357142857142857,-0.00225995648843924,1,0.08749436247665252,1.0,False
NQ,210,or30_range,>,89.75,395,0.01759978550527612,0.549367088607595,0.04879410160844559,422,-0.009674995964229428,0.5071090047393365,False
NQ,210,or30_range,<,89.75,1186,0.005750335620222879,0.5413153456998314,0.01778036616357228,329,0.0009561038958336885,0.5379939209726444,False
NQ,210,or30_range,>,134.15000000000143,159,0.02122237846199135,0.4968553459119497,0.053358238742475014,177,-0.011595563675236592,0.480225988700565,False
NQ,210,or30_range,<,134.15000000000143,1424,0.006916506794002822,0.5484550561797753,0.021258691651502137,575,-0.0032243797225267835,0.5321739130434783,False
NQ,210,pd_return,>,-0.016490255821686724,1424,0.004345187102444229,0.5428370786516854,0.01356915246449222,690,-0.008655446026022204,0.5289855072463768,False
NQ,210,pd_return,<,-0.016490255821686724,159,0.044251052932302234,0.5471698113207547,0.10240407914241371,58,0.03498101315259262,0.41379310344827586,False
NQ,210,pd_return,>,-0.005068254273093209,1187,0.002951723634828349,0.5408593091828138,0.009614393617481657,567,-0.0159340525182659,0.5202821869488536,False
NQ,210,pd_return,<,-0.005068254273093209,396,0.02454486842317018,0.5505050505050505,0.06110847317345589,181,0.028128446313545944,0.5193370165745856,False
NQ,210,pd_return,>,0.007841272461962201,396,-0.023883513574745267,0.51010101010101,-0.0886453229278345,185,-0.02052656811084713,0.518918918918919,False
NQ,210,pd_return,<,0.007841272461962201,1187,0.01910811729209416,0.5543386689132266,0.054380909620204414,563,-0.0002592253900501458,0.5204262877442274,False
NQ,210,pd_return,>,0.015441845169844676,159,-0.03480469435229889,0.5031446540880503,-0.11537148696719998,70,-0.011276406889571957,0.5142857142857142,False
NQ,210,pd_return,<,0.015441845169844676,1424,0.013172338660205172,0.547752808988764,0.03916779867914787,678,-0.004651932909786007,0.5206489675516224,False
NQ,210,on_range_atr,>,0.451368389862176,1424,0.010811239781763644,0.5526685393258427,0.03128349753961609,666,-0.006872558672153367,0.5225225225225225,False
NQ,210,on_range_atr,<,0.451368389862176,159,-0.013658752195690476,0.4591194968553459,-0.07245893181076468,86,0.0077987321474926015,0.5,False
NQ,210,on_range_atr,>,0.6052737436327088,1187,0.01623448574071791,0.5686604886267902,0.04450949096412771,549,-0.01666846953608444,0.5136612021857924,False
NQ,210,on_range_atr,<,0.6052737436327088,396,-0.015269875565948275,0.4671717171717172,-0.07239092658426834,203,0.025835254504140794,0.5369458128078818,False
NQ,210,on_range_atr,>,1.205774928556742,396,-0.038667869014215615,0.5252525252525253,-0.07803974803887205,185,-0.05513608957831893,0.4810810810810811,False
NQ,210,on_range_atr,<,1.205774928556742,1187,0.024040387514529082,0.5492839090143218,0.09403982658849715,567,0.011100076650827555,0.5326278659611993,False
NQ,210,on_range_atr,>,1.5989271855931175,159,-0.09834570392450293,0.4339622641509434,-0.15981204890904308,81,-0.0859803647280738,0.5061728395061729,False
NQ,210,on_range_atr,<,1.5989271855931175,1424,0.02026715644249481,0.5554775280898876,0.0716661867541773,671,0.004557341925490613,0.5216095380029806,False
NQ,270,ALL,,,1570,0.009753157153555517,0.554140127388535,0.03638134983523976,744,-0.0139721679687449,0.5040322580645161,False
NQ,270,d_pdh,>,-0.5730376661421238,1413,0.010473731737448148,0.5562632696390658,0.03808854289333009,668,-0.022504950736144665,0.4880239520958084,False
NQ,270,d_pdh,<,-0.5730376661421238,157,0.0032679858985218244,0.535031847133758,0.016687268279450204,74,0.06696522162673559,0.6486486486486487,False
NQ,270,d_pdh,>,-0.15683132686546256,1177,0.005241862756168685,0.5454545454545454,0.01863390492692273,573,-0.024191032849788636,0.47643979057591623,False
NQ,270,d_pdh,<,-0.15683132686546256,393,0.023264082104507935,0.5801526717557252,0.10403267047597795,169,0.02238805403291529,0.5976331360946746,False
NQ,270,d_pdh,>,0.8002002046546934,393,-0.00649695842902632,0.48854961832061067,-0.018896161836844685,179,-0.021528192636999705,0.4748603351955307,False
NQ,270,d_pdh,<,0.8002002046546934,1177,0.015179066604663978,0.5760407816482583,0.06393707838873726,563,-0.011055655789242018,0.5133214920071048,False
NQ,270,d_pdh,>,1.4292424540022306,157,0.013878421391996326,0.5222929936305732,0.03434695324801725,68,-0.006763905818167274,0.4264705882352941,False
NQ,270,d_pdh,<,1.4292424540022306,1413,0.009294794460395425,0.5576786978060864,0.037383652285650666,674,-0.014269933376455239,0.5118694362017804,False
NQ,270,d_pdl,>,-1.491980304301201,1413,0.009795980235170712,0.5555555555555556,0.035802831400925876,665,-0.017871859970284128,0.49473684210526314,False
NQ,270,d_pdl,<,-1.491980304301201,157,0.009367749419018773,0.5414012738853503,0.044049996174595825,77,0.02346631414120444,0.5844155844155844,False
NQ,270,d_pdl,>,-1.062307366071683,1177,0.004818732800298152,0.5412064570943076,0.01750903995609444,568,-0.019346791890070686,0.4841549295774648,False
NQ,270,d_pdl,<,-1.062307366071683,393,0.024531318639010775,0.5928753180661578,0.1000376732471011,174,0.005236190242493942,0.5689655172413793,False
NQ,270,d_pdl,>,-0.07051487391449099,393,-0.0065689010857136396,0.5089058524173028,-0.020871152815785905,179,-0.010840577549169459,0.4972067039106145,False
NQ,270,d_pdl,<,-0.07051487391449099,1177,0.01520308823939475,0.5692438402718777,0.06069293452265351,563,-0.014453671953934051,0.5062166962699822,False
NQ,270,d_pdl,>,0.43298957112213715,157,-0.015721610029874517,0.5222929936305732,-0.045698893471000146,71,-0.0027194446198735836,0.4507042253521127,False
NQ,270,d_pdl,<,0.43298957112213715,1413,0.012583686840603297,0.5576786978060864,0.04872336036531596,671,-0.014731445787414576,0.5096870342771982,False
NQ,270,d_pc,>,-0.9017849835690459,1413,0.005020710452029613,0.5506015569709837,0.018413370020971414,661,-0.019210390422466063,0.49016641452344933,False
NQ,270,d_pc,<,-0.9017849835690459,157,0.052345177467288645,0.5859872611464968,0.23927884069590336,81,0.03234799231955386,0.6172839506172839,False
NQ,270,d_pc,>,-0.4927913418891633,1177,0.0054412096727561735,0.5471537807986406,0.019514454505935672,558,-0.021206764157528292,0.48028673835125446,False
NQ,270,d_pc,<,-0.4927913418891633,393,0.02266705584287059,0.5750636132315522,0.09737009039907826,184,0.009540726676818385,0.5760869565217391,False
NQ,270,d_pc,>,0.320888640403325,393,-0.012313827260349356,0.49872773536895676,-0.0384536849488224,175,-0.023372119402330693,0.46285714285714286,False
NQ,270,d_pc,<,0.320888640403325,1177,0.017121317624808376,0.572642310960068,0.06904761176478698,567,-0.010560422920561434,0.5167548500881834,False
NQ,270,d_pc,>,0.8628229911496689,157,-0.007460367507753831,0.4968152866242038,-0.021101200300421136,66,-0.026019629658949776,0.3939393939393939,False
NQ,270,d_pc,<,0.8628229911496689,1413,0.011665771004812111,0.5605095541401274,0.04540489162356158,676,-0.012367729487981536,0.514792899408284,False
NQ,270,d_on_high,>,0.02093874299965895,1413,0.030786179166941523,0.5980184005661713,0.11687908460850553,647,0.0005747251136929833,0.5455950540958269,False
NQ,270,d_on_high,<,0.02093874299965895,157,-0.17954404096691856,0.1592356687898089,-0.7671963438542408,97,-0.11100144450830478,0.2268041237113402,False
NQ,270,d_on_high,>,0.15252407888415986,1177,0.044678615613767056,0.622769753610875,0.16375614381490158,514,0.012616484366547994,0.5817120622568094,False
NQ,270,d_on_high,<,0.15252407888415986,393,-0.09484548052499153,0.3486005089058524,-0.4254256788528353,230,-0.07339202579631249,0.33043478260869563,False
NQ,270,d_on_high,>,0.652526604039221,393,0.03549893841412188,0.55470737913486,0.09739336087482912,182,0.01565366303155622,0.5274725274725275,False
NQ,270,d_on_high,<,0.652526604039221,1177,0.001156647352873627,0.5539507221750213,0.005106492201996913,562,-0.023566298292685826,0.49644128113879005,False
NQ,270,d_on_high,>,1.0821576192861264,157,0.028922413820423962,0.5095541401273885,0.06514753758537735,71,0.039069147845710174,0.5070422535211268,False
NQ,270,d_on_high,<,1.0821576192861264,1413,0.0076232397461256885,0.5590941259731068,0.031643457291700414,673,-0.01956790856729811,0.5037147102526003,False
NQ,270,d_on_low,>,-1.1501003340496505,1413,0.020649483466926865,0.5633404104741684,0.08674035055689262,663,-0.0014555404851514762,0.49924585218702866,False
NQ,270,d_on_low,<,-1.1501003340496505,157,-0.08831377966678662,0.4713375796178344,-0.1979192638736712,81,-0.11642308181593551,0.5432098765432098,False
NQ,270,d_on_low,>,-0.7943229129342251,1177,0.02544282407095607,0.5615972812234494,0.11148320447333021,563,0.00299841649837542,0.5026642984014209,False
NQ,270,d_on_low,<,-0.7943229129342251,393,-0.03723599796547871,0.5318066157760815,-0.10389687835139488,181,-0.06675912407365507,0.5082872928176796,False
NQ,270,d_on_low,>,-0.18651289501155668,393,0.11696193131212738,0.727735368956743,0.586344082553741,186,0.1072249416591486,0.7043010752688172,True
NQ,270,d_on_low,<,-0.18651289501155668,1177,-0.02604382521205089,0.49617672047578587,-0.09355378622867583,558,-0.05437120451137605,0.43727598566308246,False
NQ,270,d_on_low,>,0.01403909941343205,157,0.19989782675113957,0.8535031847133758,0.9103490141417482,70,0.17697847358712135,0.8714285714285714,False
NQ,270,d_on_low,<,0.01403909941343205,1413,-0.011374028357287156,0.5208775654635527,-0.04296994692626515,674,-0.03380383697306335,0.4658753709198813,False
NQ,270,d_on_mid,>,-0.5003386027495439,1413,0.024613647288721195,0.5732484076433121,0.09697969862010893,656,-0.003984675157899982,0.5076219512195121,False
NQ,270,d_on_mid,<,-0.5003386027495439,157,-0.12399125406293555,0.3821656050955414,-0.35826574644482795,88,-0.08842438710413424,0.4772727272727273,False
NQ,270,d_on_mid,>,-0.2884876130005562,1177,0.029747950065413198,0.578589634664401,0.11602730445503329,553,0.005815583381128744,0.5226039783001808,False
NQ,270,d_on_mid,<,-0.2884876130005562,393,-0.050129466910710366,0.48091603053435117,-0.17128456091153754,191,-0.07126340617021153,0.450261780104712,False
NQ,270,d_on_mid,>,0.20474566631711463,393,0.07880413366981659,0.6361323155216285,0.28588984175799687,191,0.06690713493275714,0.5968586387434555,True
NQ,270,d_on_mid,<,0.20474566631711463,1177,-0.013302946305145084,0.5267629566694987,-0.05085306874127442,553,-0.04190697240669587,0.4719710669077758,False
NQ,270,d_on_mid,>,0.46657222411758326,157,0.11536596347991604,0.6496815286624203,0.3604760899023836,76,0.10651607254225216,0.618421052631579,False
NQ,270,d_on_mid,<,0.46657222411758326,1413,-0.0019815991049289892,0.5435244161358811,-0.007646205502755666,668,-0.027680410901133785,0.49101796407185627,False
NQ,270,d_vwap,>,-0.33668245790018436,1413,0.0030990552156712355,0.5470629865534324,0.011472787774681347,659,-0.017616636747917833,0.496206373292868,False
NQ,270,d_vwap,<,-0.33668245790018436,157,0.06964007459451403,0.6178343949044586,0.28823413389286656,85,0.014283184095666458,0.5647058823529412,False
NQ,270,d_vwap,>,-0.18794237984605747,1177,0.002738397482591985,0.5437553101104503,0.009978615830318466,554,-0.017396157084322638,0.49458483754512633,False
NQ,270,d_vwap,<,-0.18794237984605747,393,0.030761737643947563,0.5852417302798982,0.12441462796425576,190,-0.003988536547534004,0.531578947368421,False
NQ,270,d_vwap,>,0.12394257465453348,393,0.003172394401038422,0.5343511450381679,0.010159532102694997,191,-0.018690963368829142,0.5235602094240838,False
NQ,270,d_vwap,<,0.12394257465453348,1177,0.011950472159281274,0.5607476635514018,0.04747504314500171,553,-0.012342348942676018,0.4972875226039783,False
NQ,270,d_vwap,>,0.3086603139543322,157,0.019402435016935372,0.5222929936305732,0.055155117690582726,82,-0.04732308656584317,0.47560975609756095,False
NQ,270,d_vwap,<,0.3086603139543322,1413,0.008681015168735533,0.5576786978060864,0.03374608997163549,662,-0.009841087417442693,0.5075528700906344,False
NQ,270,on_position,>,0.0,1399,-0.012412701476001054,0.5175125089349535,-0.04674009897839284,671,-0.034464686584686315,0.46348733233979134,False
NQ,270,on_position,<,0.0,0,,,,0,,,False
NQ,270,on_position,>,0.2430415411289864,1177,-0.01963436829642628,0.5106202209005948,-0.07188890392167735,559,-0.0495267924118303,0.45796064400715564,False
NQ,270,on_position,<,0.2430415411289864,393,0.0977661786666053,0.6844783715012722,0.42264381814469026,185,0.09346045399711855,0.6432432432432432,True
NQ,270,on_position,>,0.8258840436650795,393,-0.09106452841848625,0.3842239185750636,-0.3581997164270682,211,-0.07815525030085348,0.3886255924170616,False
NQ,270,on_position,<,0.8258840436650795,1177,0.04341615666911407,0.610875106202209,0.1643212582918561,533,0.011436144173984765,0.549718574108818,False
NQ,270,on_position,>,0.9767386759581882,157,-0.1849947806065289,0.1592356687898089,-0.7357292880081142,95,-0.11297652357621066,0.23157894736842105,False
NQ,270,on_position,<,0.9767386759581882,1413,0.031391816904676004,0.5980184005661713,0.120216274685479,649,0.0005199950246437665,0.5439137134052389,False
NQ,270,gap_atr,>,-0.5080949355453569,1413,0.008453069840835294,0.551309271054494,0.03309292379002895,673,-0.00844392457164466,0.5156017830609212,False
NQ,270,gap_atr,<,-0.5080949355453569,157,0.021453942968037487,0.5796178343949044,0.059027190879658964,69,-0.06369738340071515,0.391304347826087,False
NQ,270,gap_atr,>,-0.19596673504428433,1177,0.0044637256623177085,0.5446049277824979,0.01770841331063237,558,-0.007753811822817002,0.5268817204301075,False
NQ,270,gap_atr,<,-0.19596673504428433,393,0.025594533400850418,0.5826972010178118,0.08230519893193539,184,-0.03125681355562128,0.43478260869565216,False
NQ,270,gap_atr,>,0.31227956406067714,393,0.00818325391283951,0.5750636132315522,0.028754906164323555,188,-0.022285259273075394,0.5638297872340425,False
NQ,270,gap_atr,<,0.31227956406067714,1177,0.01027734744548533,0.5471537807986406,0.039157285067497535,554,-0.010628613624599331,0.48375451263537905,False
NQ,270,gap_atr,>,0.5450537746441314,157,0.03763910362775975,0.6178343949044586,0.1214585742647154,94,-0.03596431932267042,0.5531914893617021,False
NQ,270,gap_atr,<,0.5450537746441314,1413,0.0066547186564217126,0.5470629865534324,0.02530613207509838,648,-0.010335238696041957,0.49691358024691357,False
NQ,270,atr_pctile,>,0.4793754760091394,1413,0.007416580943101548,0.5491861288039632,0.027807147171449772,742,-0.014323995201291927,0.5026954177897575,False
NQ,270,atr_pctile,<,0.4793754760091394,157,0.030782343047641218,0.5987261146496815,0.10990364630880177,2,0.11655573530620299,1.0,False
NQ,270,atr_pctile,>,0.6758742383935468,1177,0.0067364642267840865,0.5514018691588785,0.024796518332971036,560,-0.013409164700765563,0.49464285714285716,False
NQ,270,atr_pctile,<,0.6758742383935468,393,0.018787883807016004,0.5623409669211196,0.07305927417665631,184,-0.015685656175638527,0.532608695652174,False
NQ,270,atr_pctile,>,0.9233473557692308,393,0.0005445441708213848,0.5343511450381679,0.0017824819208056694,122,-0.000442831832183586,0.5245901639344263,False
NQ,270,atr_pctile,<,0.9233473557692308,1177,0.012827910681350346,0.5607476635514018,0.050417272193353575,622,-0.016625831969806767,0.5,False
NQ,270,atr_pctile,>,0.9655341446923598,157,-0.0011697593696054697,0.5031847133757962,-0.0036367874713137726,62,0.0006218315258464353,0.5645161290322581,False
NQ,270,atr_pctile,<,0.9655341446923598,1413,0.010966814545017847,0.5598018400566172,0.041928457694711756,682,-0.01529889519552593,0.49853372434017595,False
NQ,270,ret_5m,>,-0.0008935050863818516,1413,0.010381617333962813,0.5520169851380042,0.04012498214915316,675,-0.013306387844145623,0.49925925925925924,False
NQ,270,ret_5m,<,-0.0008935050863818516,157,0.004097015529889854,0.5732484076433121,0.011984256309487497,69,-0.020485234405042158,0.5507246376811594,False
NQ,270,ret_5m,>,-0.0003613434838849183,1177,0.006842840588084931,0.5437553101104503,0.026701516165708948,558,-0.020694630473983622,0.492831541218638,False
NQ,270,ret_5m,<,-0.0003613434838849183,393,0.018469296078641718,0.5852417302798982,0.06138502617397628,186,0.006195219546971275,0.5376344086021505,False
NQ,270,ret_5m,>,0.00033028732131673566,393,0.0017610138029433779,0.5343511450381679,0.005716600056056635,224,-0.010540208559396547,0.4732142857142857,False
NQ,270,ret_5m,<,0.00033028732131673566,1177,0.012421731781245041,0.5607476635514018,0.04901554563418851,520,-0.015450550483541107,0.5173076923076924,False
NQ,270,ret_5m,>,0.0008398514095992798,157,-0.04331408033913189,0.4585987261146497,-0.11497373360830258,66,-0.0579288062707531,0.45454545454545453,False
NQ,270,ret_5m,<,0.0008398514095992798,1413,0.015649516874965224,0.564755838641189,0.06194227625159489,678,-0.009693203178283923,0.5088495575221239,False
NQ,270,ret_15m,>,-0.0016251346188069448,1413,0.0075086978184696306,0.554140127388535,0.02890590258491515,689,-0.014196625745157785,0.5036284470246735,False
NQ,270,ret_15m,<,-0.0016251346188069448,157,0.029953291169328475,0.554140127388535,0.08965823382818892,55,-0.011160324187863413,0.509090909090909,False
NQ,270,ret_15m,>,-0.000654588125020561,1177,0.004796684552028204,0.5429056924384027,0.018761327774777337,572,-0.0058388396982307295,0.5052447552447552,False
NQ,270,ret_15m,<,-0.000654588125020561,393,0.02459735117899482,0.5877862595419847,0.08142346672213557,172,-0.041020213147431546,0.5,False
NQ,270,ret_15m,>,0.0006107308364236563,393,0.020005942410660588,0.5572519083969466,0.06741160574058891,230,-0.02392005704435745,0.4434782608695652,False
NQ,270,ret_15m,<,0.0006107308364236563,1177,0.006329754769492393,0.5531011045029737,0.024549504707278784,514,-0.009520777915455232,0.5311284046692607,False
NQ,270,ret_15m,>,0.001456551821765543,157,0.013728059021434109,0.5414012738853503,0.03761057320256637,75,-0.046504907763666135,0.38666666666666666,False
NQ,270,ret_15m,<,0.001456551821765543,1413,0.009311501390457893,0.5555555555555556,0.03648422966428141,669,-0.01032499983030081,0.5171898355754858,False
NQ,270,ret_30m,>,-0.0024371348371220567,1413,0.010350585302014829,0.5555555555555556,0.04038255953562445,680,-0.01589478761578718,0.5029411764705882,False
NQ,270,ret_30m,<,-0.0024371348371220567,157,0.004376303817421719,0.5414012738853503,0.012224887512793749,64,0.006455665781079294,0.515625,False
NQ,270,ret_30m,>,-0.0008060765714706652,1177,0.011294783274046987,0.5522514868309261,0.044728867610348784,544,-0.0053350410075449625,0.5055147058823529,False
NQ,270,ret_30m,<,-0.0008060765714706652,393,0.005136124217630686,0.5597964376590331,0.016548260283995194,200,-0.037465153303208716,0.5,False
NQ,270,ret_30m,>,0.0009710659822830814,393,0.013530671657740963,0.5623409669211196,0.04568039085716259,222,-0.012772776102243252,0.5,False
NQ,270,ret_30m,<,0.0009710659822830814,1177,0.008491846023440918,0.5514018691588785,0.03289715240036513,522,-0.014482254164843297,0.5057471264367817,False
NQ,270,ret_30m,>,0.0022970452832330457,157,0.008766389634425843,0.5477707006369427,0.023270029022446025,77,-0.0238868412784118,0.5064935064935064,False
NQ,270,ret_30m,<,0.0022970452832330457,1413,0.00986279798901437,0.5548478414720452,0.038931826166906394,667,-0.012827595487718885,0.5037481259370314,False
NQ,270,ret_60m,>,-0.003637795217047912,1413,0.009966905610727397,0.5534324133050248,0.03862346124121963,673,-0.010921012422986272,0.5096582466567607,False
NQ,270,ret_60m,<,-0.003637795217047912,157,0.007829421039008577,0.5605095541401274,0.02259408286474421,71,-0.04289368462079496,0.4507042253521127,False
NQ,270,ret_60m,>,-0.0012643226115538753,1177,0.008105840637542926,0.5488530161427357,0.0318590274523231,561,-0.013070964051131118,0.49376114081996436,False
NQ,270,ret_60m,<,-0.0012643226115538753,393,0.01468672341143547,0.5699745547073791,0.048051390435124255,183,-0.016734875060446155,0.5355191256830601,False
NQ,270,ret_60m,>,0.0014301497917593164,393,0.032825553257319895,0.5877862595419847,0.11945391123747282,209,0.0055012790528105905,0.5119617224880383,False
NQ,270,ret_60m,<,0.0014301497917593164,1177,0.002049289975323231,0.5429056924384027,0.007719380231661014,535,-0.02157955194538994,0.5009345794392523,False
NQ,270,ret_60m,>,0.003208840114183276,157,0.02083592679658609,0.5923566878980892,0.0661800860982503,81,-0.008925097096122303,0.4691358024691358,False
NQ,270,ret_60m,<,0.003208840114183276,1413,0.008521738304329896,0.5498938428874734,0.03246709110383294,663,-0.014588778437345845,0.5082956259426847,False
NQ,270,rel_volume,>,0.701827867366096,1413,0.011709093155570878,0.5590941259731068,0.042850860433661084,705,-0.017464968035235253,0.5049645390070922,False
NQ,270,rel_volume,<,0.701827867366096,157,-0.007850266864582756,0.5095541401273885,-0.036348085671398564,39,0.04916691015627305,0.48717948717948717,False
NQ,270,rel_volume,>,0.8272836112832482,1177,0.011815083256188906,0.556499575191164,0.04182260547355698,614,-0.011024336644677902,0.506514657980456,False
NQ,270,rel_volume,<,0.8272836112832482,393,0.0035778721082641643,0.5470737913486005,0.016300855580650184,130,-0.02789500206856901,0.49230769230769234,False
NQ,270,rel_volume,>,1.194938194528757,393,0.024632332326459373,0.5674300254452926,0.07038462143930367,162,-0.02665520210905016,0.49382716049382713,False
NQ,270,rel_volume,<,1.194938194528757,1177,0.004785004355805969,0.5497026338147833,0.020410738932240487,582,-0.01044183887814446,0.506872852233677,False
NQ,270,rel_volume,>,1.4612650429677883,157,0.020487836310187645,0.554140127388535,0.05005136535908491,29,0.04889973958528647,0.5862068965517241,False
NQ,270,rel_volume,<,1.4612650429677883,1413,0.008560415025040836,0.554140127388535,0.034566061895185164,715,-0.016522217366041276,0.5006993006993007,False
NQ,270,upbars10,>,3.0,1259,0.006751616372402484,0.5496425734710088,0.024831126806332354,620,-0.018869595100934916,0.4967741935483871,False
NQ,270,upbars10,<,3.0,101,-0.0010044864367017962,0.5544554455445545,-0.004119867027385913,33,0.03188471917431502,0.6060606060606061,False
NQ,270,upbars10,>,4.0,873,0.011327791433567517,0.5475372279495991,0.041064931238379586,460,-0.031184689912139303,0.4608695652173913,False
NQ,270,upbars10,<,4.0,311,0.021904089126133224,0.572347266881029,0.08689379398528084,124,0.010514967692205198,0.5403225806451613,False
NQ,270,upbars10,>,6.0,176,0.013971909941238118,0.5284090909090909,0.0425914024597761,137,-0.02140033772417671,0.44525547445255476,False
NQ,270,upbars10,<,6.0,1103,0.010869753384851787,0.5657298277425205,0.04097499754555336,454,-0.01040959116154976,0.5308370044052864,False
NQ,270,upbars10,>,7.0,48,0.007570324513602289,0.5833333333333334,0.019751512038508313,42,-0.031003852833189446,0.38095238095238093,False
NQ,270,upbars10,<,7.0,1394,0.009220516916373206,0.5573888091822095,0.0355092871022471,607,-0.012295628831192746,0.5172981878088962,False
NQ,270,ib_ratio,>,0.293350107323558,1413,0.009561224571343402,0.5555555555555556,0.0349277268446086,658,-0.0216666916612832,0.5,False
NQ,270,ib_ratio,<,0.293350107323558,157,0.011480550393464515,0.5414012738853503,0.05438765742704026,86,0.044899885399745876,0.5348837209302325,False
NQ,270,ib_ratio,>,0.35738956916335035,1177,0.011365195117160776,0.5531011045029737,0.04054468680998922,581,-0.02789944953521461,0.49569707401032703,False
NQ,270,ib_ratio,<,0.35738956916335035,393,0.004925247018279717,0.5572519083969466,0.021620155345709945,163,0.03567047368842628,0.5337423312883436,False
NQ,270,ib_ratio,>,0.6310500181752179,393,0.01413105029753,0.549618320610687,0.04513227488801932,186,-0.045165482147577436,0.46774193548387094,False
NQ,270,ib_ratio,<,0.6310500181752179,1177,0.00829137974864305,0.5556499575191164,0.032981823703800185,558,-0.0035743965758007175,0.5161290322580645,False
NQ,270,ib_ratio,>,0.8331165446277372,157,-0.004913768431132297,0.535031847133758,-0.012481736665756376,67,-0.05325581651548363,0.47761194029850745,False
NQ,270,ib_ratio,<,0.8331165446277372,1413,0.01138281555185416,0.5562632696390658,0.04545520538871015,677,-0.010084421362199114,0.5066469719350074,False
NQ,270,or30_range,>,17.5,1408,0.008547482196731751,0.5518465909090909,0.03182093636944319,743,-0.014021323098476464,0.5033647375504711,False
NQ,270,or30_range,<,17.5,155,0.027355768585643286,0.5870967741935483,0.10369905443435662,1,0.022550093421809102,1.0,False
NQ,270,or30_range,>,27.75,1172,0.009544601502566948,0.5486348122866894,0.03454733269948238,743,-0.014021323098476464,0.5033647375504711,False
NQ,270,or30_range,<,27.75,387,0.01185071965758869,0.5736434108527132,0.04836428674351156,1,0.022550093421809102,1.0,False
NQ,270,or30_range,>,89.93750000000068,393,0.017074710623301074,0.544529262086514,0.05845684794786138,419,-0.025220238679905894,0.49403341288782815,False
NQ,270,or30_range,<,89.93750000000068,1177,0.007308492316163841,0.5573491928632116,0.028146752545829535,325,0.0005291908865672773,0.5169230769230769,False
NQ,270,or30_range,>,134.27500000000168,157,0.029267524970249634,0.5159235668789809,0.09532228609349082,177,-0.03615690596421769,0.4915254237288136,False
NQ,270,or30_range,<,134.27500000000168,1413,0.0075848940628117255,0.5583864118895966,0.028792671022551966,567,-0.00704677356804175,0.5079365079365079,False
NQ,270,pd_return,>,-0.0165222046455467,1413,0.00564339928064745,0.5548478414720452,0.02237197310652948,682,-0.012856741734485455,0.5087976539589443,False
NQ,270,pd_return,<,-0.0165222046455467,157,0.04674097800972808,0.5477707006369427,0.12260243791220359,58,-0.019956112080857673,0.4482758620689655,False
NQ,270,pd_return,>,-0.005073418435953075,1177,0.004581813723552718,0.5556499575191164,0.018702115459711677,559,-0.019074444595268355,0.49731663685152055,False
NQ,270,pd_return,<,-0.005073418435953075,393,0.025240870174200018,0.549618320610687,0.07706504450234677,181,0.004071061685890541,0.5248618784530387,False
NQ,270,pd_return,>,0.007958150075583703,393,-0.01625315981404673,0.5114503816793893,-0.07233126408989175,177,-0.030681033033060065,0.4858757062146893,False
NQ,270,pd_return,<,0.007958150075583703,1177,0.018436659760409962,0.5683942225998301,0.06569775954920928,563,-0.007984386353032315,0.5097690941385435,False
NQ,270,pd_return,>,0.015542851625803676,157,-0.020443351884274118,0.49044585987261147,-0.08154227297832019,68,-0.030715540556680014,0.4852941176470588,False
NQ,270,pd_return,<,0.015542851625803676,1413,0.013108324824425475,0.5612172682236376,0.04858217191847804,672,-0.011662344651420511,0.5059523809523809,False
NQ,270,on_range_atr,>,0.45440141257232597,1413,0.010960207948426193,0.554140127388535,0.03962870534247943,661,-0.01727480475134752,0.5052950075642966,False
NQ,270,on_range_atr,<,0.45440141257232597,157,-0.0011103000002805747,0.554140127388535,-0.006374702639696615,83,0.012329553878247074,0.4939759036144578,False
NQ,270,on_range_atr,>,0.6079914538103358,1177,0.012254281285292554,0.562446898895497,0.04201125091730307,548,-0.024727541670111677,0.5072992700729927,False
NQ,270,on_range_atr,<,0.6079914538103358,393,0.0022625131254270293,0.5292620865139949,0.012583407399662714,196,0.01609897891058669,0.49489795918367346,False
NQ,270,on_range_atr,>,1.2070967941950332,393,-0.034276874592855916,0.49872773536895676,-0.08916512448921901,183,-0.06990753205123827,0.48633879781420764,False
NQ,270,on_range_atr,<,1.2070967941950332,1177,0.024454773531074375,0.572642310960068,0.11431871536020706,561,0.004274127266720856,0.5098039215686274,False
NQ,270,on_range_atr,>,1.601363455224838,157,-0.09286418007165129,0.4267515923566879,-0.1958885692718076,79,-0.13058873062167167,0.45569620253164556,False
NQ,270,on_range_atr,<,1.601363455224838,1413,0.021155083511911824,0.5682944090587403,0.09126711983363887,665,-0.00011847105208141982,0.5097744360902255,False
ES,30,ALL,,,0,,,,772,-0.0032241466959075545,0.538860103626943,False
ES,30,d_pdh,>,,0,,,,0,,,False
ES,30,d_pdh,<,,0,,,,0,,,False
ES,30,d_pdh,>,,0,,,,0,,,False
ES,30,d_pdh,<,,0,,,,0,,,False
ES,30,d_pdh,>,,0,,,,0,,,False
ES,30,d_pdh,<,,0,,,,0,,,False
ES,30,d_pdh,>,,0,,,,0,,,False
ES,30,d_pdh,<,,0,,,,0,,,False
ES,30,d_pdl,>,,0,,,,0,,,False
ES,30,d_pdl,<,,0,,,,0,,,False
ES,30,d_pdl,>,,0,,,,0,,,False
ES,30,d_pdl,<,,0,,,,0,,,False
ES,30,d_pdl,>,,0,,,,0,,,False
ES,30,d_pdl,<,,0,,,,0,,,False
ES,30,d_pdl,>,,0,,,,0,,,False
ES,30,d_pdl,<,,0,,,,0,,,False
ES,30,d_pc,>,,0,,,,0,,,False
ES,30,d_pc,<,,0,,,,0,,,False
ES,30,d_pc,>,,0,,,,0,,,False
ES,30,d_pc,<,,0,,,,0,,,False
ES,30,d_pc,>,,0,,,,0,,,False
ES,30,d_pc,<,,0,,,,0,,,False
ES,30,d_pc,>,,0,,,,0,,,False
ES,30,d_pc,<,,0,,,,0,,,False
ES,30,d_on_high,>,,0,,,,0,,,False
ES,30,d_on_high,<,,0,,,,0,,,False
ES,30,d_on_high,>,,0,,,,0,,,False
ES,30,d_on_high,<,,0,,,,0,,,False
ES,30,d_on_high,>,,0,,,,0,,,False
ES,30,d_on_high,<,,0,,,,0,,,False
ES,30,d_on_high,>,,0,,,,0,,,False
ES,30,d_on_high,<,,0,,,,0,,,False
ES,30,d_on_low,>,,0,,,,0,,,False
ES,30,d_on_low,<,,0,,,,0,,,False
ES,30,d_on_low,>,,0,,,,0,,,False
ES,30,d_on_low,<,,0,,,,0,,,False
ES,30,d_on_low,>,,0,,,,0,,,False
ES,30,d_on_low,<,,0,,,,0,,,False
ES,30,d_on_low,>,,0,,,,0,,,False
ES,30,d_on_low,<,,0,,,,0,,,False
ES,30,d_on_mid,>,,0,,,,0,,,False
ES,30,d_on_mid,<,,0,,,,0,,,False
ES,30,d_on_mid,>,,0,,,,0,,,False
ES,30,d_on_mid,<,,0,,,,0,,,False
ES,30,d_on_mid,>,,0,,,,0,,,False
ES,30,d_on_mid,<,,0,,,,0,,,False
ES,30,d_on_mid,>,,0,,,,0,,,False
ES,30,d_on_mid,<,,0,,,,0,,,False
ES,30,d_vwap,>,,0,,,,0,,,False
ES,30,d_vwap,<,,0,,,,0,,,False
ES,30,d_vwap,>,,0,,,,0,,,False
ES,30,d_vwap,<,,0,,,,0,,,False
ES,30,d_vwap,>,,0,,,,0,,,False
ES,30,d_vwap,<,,0,,,,0,,,False
ES,30,d_vwap,>,,0,,,,0,,,False
ES,30,d_vwap,<,,0,,,,0,,,False
ES,30,on_position,>,,0,,,,0,,,False
ES,30,on_position,<,,0,,,,0,,,False
ES,30,on_position,>,,0,,,,0,,,False
ES,30,on_position,<,,0,,,,0,,,False
ES,30,on_position,>,,0,,,,0,,,False
ES,30,on_position,<,,0,,,,0,,,False
ES,30,on_position,>,,0,,,,0,,,False
ES,30,on_position,<,,0,,,,0,,,False
ES,30,gap_atr,>,,0,,,,0,,,False
ES,30,gap_atr,<,,0,,,,0,,,False
ES,30,gap_atr,>,,0,,,,0,,,False
ES,30,gap_atr,<,,0,,,,0,,,False
ES,30,gap_atr,>,,0,,,,0,,,False
ES,30,gap_atr,<,,0,,,,0,,,False
ES,30,gap_atr,>,,0,,,,0,,,False
ES,30,gap_atr,<,,0,,,,0,,,False
ES,30,atr_pctile,>,,0,,,,0,,,False
ES,30,atr_pctile,<,,0,,,,0,,,False
ES,30,atr_pctile,>,,0,,,,0,,,False
ES,30,atr_pctile,<,,0,,,,0,,,False
ES,30,atr_pctile,>,,0,,,,0,,,False
ES,30,atr_pctile,<,,0,,,,0,,,False
ES,30,atr_pctile,>,,0,,,,0,,,False
ES,30,atr_pctile,<,,0,,,,0,,,False
ES,30,ret_5m,>,,0,,,,0,,,False
ES,30,ret_5m,<,,0,,,,0,,,False
ES,30,ret_5m,>,,0,,,,0,,,False
ES,30,ret_5m,<,,0,,,,0,,,False
ES,30,ret_5m,>,,0,,,,0,,,False
ES,30,ret_5m,<,,0,,,,0,,,False
ES,30,ret_5m,>,,0,,,,0,,,False
ES,30,ret_5m,<,,0,,,,0,,,False
ES,30,ret_15m,>,,0,,,,0,,,False
ES,30,ret_15m,<,,0,,,,0,,,False
ES,30,ret_15m,>,,0,,,,0,,,False
ES,30,ret_15m,<,,0,,,,0,,,False
ES,30,ret_15m,>,,0,,,,0,,,False
ES,30,ret_15m,<,,0,,,,0,,,False
ES,30,ret_15m,>,,0,,,,0,,,False
ES,30,ret_15m,<,,0,,,,0,,,False
ES,30,ret_30m,>,,0,,,,0,,,False
ES,30,ret_30m,<,,0,,,,0,,,False
ES,30,ret_30m,>,,0,,,,0,,,False
ES,30,ret_30m,<,,0,,,,0,,,False
ES,30,ret_30m,>,,0,,,,0,,,False
ES,30,ret_30m,<,,0,,,,0,,,False
ES,30,ret_30m,>,,0,,,,0,,,False
ES,30,ret_30m,<,,0,,,,0,,,False
ES,30,ret_60m,>,,0,,,,0,,,False
ES,30,ret_60m,<,,0,,,,0,,,False
ES,30,ret_60m,>,,0,,,,0,,,False
ES,30,ret_60m,<,,0,,,,0,,,False
ES,30,ret_60m,>,,0,,,,0,,,False
ES,30,ret_60m,<,,0,,,,0,,,False
ES,30,ret_60m,>,,0,,,,0,,,False
ES,30,ret_60m,<,,0,,,,0,,,False
ES,30,rel_volume,>,,0,,,,0,,,False
ES,30,rel_volume,<,,0,,,,0,,,False
ES,30,rel_volume,>,,0,,,,0,,,False
ES,30,rel_volume,<,,0,,,,0,,,False
ES,30,rel_volume,>,,0,,,,0,,,False
ES,30,rel_volume,<,,0,,,,0,,,False
ES,30,rel_volume,>,,0,,,,0,,,False
ES,30,rel_volume,<,,0,,,,0,,,False
ES,30,upbars10,>,,0,,,,0,,,False
ES,30,upbars10,<,,0,,,,0,,,False
ES,30,upbars10,>,,0,,,,0,,,False
ES,30,upbars10,<,,0,,,,0,,,False
ES,30,upbars10,>,,0,,,,0,,,False
ES,30,upbars10,<,,0,,,,0,,,False
ES,30,upbars10,>,,0,,,,0,,,False
ES,30,upbars10,<,,0,,,,0,,,False
ES,30,ib_ratio,>,,0,,,,0,,,False
ES,30,ib_ratio,<,,0,,,,0,,,False
ES,30,ib_ratio,>,,0,,,,0,,,False
ES,30,ib_ratio,<,,0,,,,0,,,False
ES,30,ib_ratio,>,,0,,,,0,,,False
ES,30,ib_ratio,<,,0,,,,0,,,False
ES,30,ib_ratio,>,,0,,,,0,,,False
ES,30,ib_ratio,<,,0,,,,0,,,False
ES,30,or30_range,>,,0,,,,0,,,False
ES,30,or30_range,<,,0,,,,0,,,False
ES,30,or30_range,>,,0,,,,0,,,False
ES,30,or30_range,<,,0,,,,0,,,False
ES,30,or30_range,>,,0,,,,0,,,False
ES,30,or30_range,<,,0,,,,0,,,False
ES,30,or30_range,>,,0,,,,0,,,False
ES,30,or30_range,<,,0,,,,0,,,False
ES,30,pd_return,>,,0,,,,0,,,False
ES,30,pd_return,<,,0,,,,0,,,False
ES,30,pd_return,>,,0,,,,0,,,False
ES,30,pd_return,<,,0,,,,0,,,False
ES,30,pd_return,>,,0,,,,0,,,False
ES,30,pd_return,<,,0,,,,0,,,False
ES,30,pd_return,>,,0,,,,0,,,False
ES,30,pd_return,<,,0,,,,0,,,False
ES,30,on_range_atr,>,,0,,,,0,,,False
ES,30,on_range_atr,<,,0,,,,0,,,False
ES,30,on_range_atr,>,,0,,,,0,,,False
ES,30,on_range_atr,<,,0,,,,0,,,False
ES,30,on_range_atr,>,,0,,,,0,,,False
ES,30,on_range_atr,<,,0,,,,0,,,False
ES,30,on_range_atr,>,,0,,,,0,,,False
ES,30,on_range_atr,<,,0,,,,0,,,False
ES,60,ALL,,,0,,,,772,-0.002068357112525154,0.5621761658031088,False
ES,60,d_pdh,>,,0,,,,0,,,False
ES,60,d_pdh,<,,0,,,,0,,,False
ES,60,d_pdh,>,,0,,,,0,,,False
ES,60,d_pdh,<,,0,,,,0,,,False
ES,60,d_pdh,>,,0,,,,0,,,False
ES,60,d_pdh,<,,0,,,,0,,,False
ES,60,d_pdh,>,,0,,,,0,,,False
ES,60,d_pdh,<,,0,,,,0,,,False
ES,60,d_pdl,>,,0,,,,0,,,False
ES,60,d_pdl,<,,0,,,,0,,,False
ES,60,d_pdl,>,,0,,,,0,,,False
ES,60,d_pdl,<,,0,,,,0,,,False
ES,60,d_pdl,>,,0,,,,0,,,False
ES,60,d_pdl,<,,0,,,,0,,,False
ES,60,d_pdl,>,,0,,,,0,,,False
ES,60,d_pdl,<,,0,,,,0,,,False
ES,60,d_pc,>,,0,,,,0,,,False
ES,60,d_pc,<,,0,,,,0,,,False
ES,60,d_pc,>,,0,,,,0,,,False
ES,60,d_pc,<,,0,,,,0,,,False
ES,60,d_pc,>,,0,,,,0,,,False
ES,60,d_pc,<,,0,,,,0,,,False
ES,60,d_pc,>,,0,,,,0,,,False
ES,60,d_pc,<,,0,,,,0,,,False
ES,60,d_on_high,>,,0,,,,0,,,False
ES,60,d_on_high,<,,0,,,,0,,,False
ES,60,d_on_high,>,,0,,,,0,,,False
ES,60,d_on_high,<,,0,,,,0,,,False
ES,60,d_on_high,>,,0,,,,0,,,False
ES,60,d_on_high,<,,0,,,,0,,,False
ES,60,d_on_high,>,,0,,,,0,,,False
ES,60,d_on_high,<,,0,,,,0,,,False
ES,60,d_on_low,>,,0,,,,0,,,False
ES,60,d_on_low,<,,0,,,,0,,,False
ES,60,d_on_low,>,,0,,,,0,,,False
ES,60,d_on_low,<,,0,,,,0,,,False
ES,60,d_on_low,>,,0,,,,0,,,False
ES,60,d_on_low,<,,0,,,,0,,,False
ES,60,d_on_low,>,,0,,,,0,,,False
ES,60,d_on_low,<,,0,,,,0,,,False
ES,60,d_on_mid,>,,0,,,,0,,,False
ES,60,d_on_mid,<,,0,,,,0,,,False
ES,60,d_on_mid,>,,0,,,,0,,,False
ES,60,d_on_mid,<,,0,,,,0,,,False
ES,60,d_on_mid,>,,0,,,,0,,,False
ES,60,d_on_mid,<,,0,,,,0,,,False
ES,60,d_on_mid,>,,0,,,,0,,,False
ES,60,d_on_mid,<,,0,,,,0,,,False
ES,60,d_vwap,>,,0,,,,0,,,False
ES,60,d_vwap,<,,0,,,,0,,,False
ES,60,d_vwap,>,,0,,,,0,,,False
ES,60,d_vwap,<,,0,,,,0,,,False
ES,60,d_vwap,>,,0,,,,0,,,False
ES,60,d_vwap,<,,0,,,,0,,,False
ES,60,d_vwap,>,,0,,,,0,,,False
ES,60,d_vwap,<,,0,,,,0,,,False
ES,60,on_position,>,,0,,,,0,,,False
ES,60,on_position,<,,0,,,,0,,,False
ES,60,on_position,>,,0,,,,0,,,False
ES,60,on_position,<,,0,,,,0,,,False
ES,60,on_position,>,,0,,,,0,,,False
ES,60,on_position,<,,0,,,,0,,,False
ES,60,on_position,>,,0,,,,0,,,False
ES,60,on_position,<,,0,,,,0,,,False
ES,60,gap_atr,>,,0,,,,0,,,False
ES,60,gap_atr,<,,0,,,,0,,,False
ES,60,gap_atr,>,,0,,,,0,,,False
ES,60,gap_atr,<,,0,,,,0,,,False
ES,60,gap_atr,>,,0,,,,0,,,False
ES,60,gap_atr,<,,0,,,,0,,,False
ES,60,gap_atr,>,,0,,,,0,,,False
ES,60,gap_atr,<,,0,,,,0,,,False
ES,60,atr_pctile,>,,0,,,,0,,,False
ES,60,atr_pctile,<,,0,,,,0,,,False
ES,60,atr_pctile,>,,0,,,,0,,,False
ES,60,atr_pctile,<,,0,,,,0,,,False
ES,60,atr_pctile,>,,0,,,,0,,,False
ES,60,atr_pctile,<,,0,,,,0,,,False
ES,60,atr_pctile,>,,0,,,,0,,,False
ES,60,atr_pctile,<,,0,,,,0,,,False
ES,60,ret_5m,>,,0,,,,0,,,False
ES,60,ret_5m,<,,0,,,,0,,,False
ES,60,ret_5m,>,,0,,,,0,,,False
ES,60,ret_5m,<,,0,,,,0,,,False
ES,60,ret_5m,>,,0,,,,0,,,False
ES,60,ret_5m,<,,0,,,,0,,,False
ES,60,ret_5m,>,,0,,,,0,,,False
ES,60,ret_5m,<,,0,,,,0,,,False
ES,60,ret_15m,>,,0,,,,0,,,False
ES,60,ret_15m,<,,0,,,,0,,,False
ES,60,ret_15m,>,,0,,,,0,,,False
ES,60,ret_15m,<,,0,,,,0,,,False
ES,60,ret_15m,>,,0,,,,0,,,False
ES,60,ret_15m,<,,0,,,,0,,,False
ES,60,ret_15m,>,,0,,,,0,,,False
ES,60,ret_15m,<,,0,,,,0,,,False
ES,60,ret_30m,>,,0,,,,0,,,False
ES,60,ret_30m,<,,0,,,,0,,,False
ES,60,ret_30m,>,,0,,,,0,,,False
ES,60,ret_30m,<,,0,,,,0,,,False
ES,60,ret_30m,>,,0,,,,0,,,False
ES,60,ret_30m,<,,0,,,,0,,,False
ES,60,ret_30m,>,,0,,,,0,,,False
ES,60,ret_30m,<,,0,,,,0,,,False
ES,60,ret_60m,>,,0,,,,0,,,False
ES,60,ret_60m,<,,0,,,,0,,,False
ES,60,ret_60m,>,,0,,,,0,,,False
ES,60,ret_60m,<,,0,,,,0,,,False
ES,60,ret_60m,>,,0,,,,0,,,False
ES,60,ret_60m,<,,0,,,,0,,,False
ES,60,ret_60m,>,,0,,,,0,,,False
ES,60,ret_60m,<,,0,,,,0,,,False
ES,60,rel_volume,>,,0,,,,0,,,False
ES,60,rel_volume,<,,0,,,,0,,,False
ES,60,rel_volume,>,,0,,,,0,,,False
ES,60,rel_volume,<,,0,,,,0,,,False
ES,60,rel_volume,>,,0,,,,0,,,False
ES,60,rel_volume,<,,0,,,,0,,,False
ES,60,rel_volume,>,,0,,,,0,,,False
ES,60,rel_volume,<,,0,,,,0,,,False
ES,60,upbars10,>,,0,,,,0,,,False
ES,60,upbars10,<,,0,,,,0,,,False
ES,60,upbars10,>,,0,,,,0,,,False
ES,60,upbars10,<,,0,,,,0,,,False
ES,60,upbars10,>,,0,,,,0,,,False
ES,60,upbars10,<,,0,,,,0,,,False
ES,60,upbars10,>,,0,,,,0,,,False
ES,60,upbars10,<,,0,,,,0,,,False
ES,60,ib_ratio,>,,0,,,,0,,,False
ES,60,ib_ratio,<,,0,,,,0,,,False
ES,60,ib_ratio,>,,0,,,,0,,,False
ES,60,ib_ratio,<,,0,,,,0,,,False
ES,60,ib_ratio,>,,0,,,,0,,,False
ES,60,ib_ratio,<,,0,,,,0,,,False
ES,60,ib_ratio,>,,0,,,,0,,,False
ES,60,ib_ratio,<,,0,,,,0,,,False
ES,60,or30_range,>,,0,,,,0,,,False
ES,60,or30_range,<,,0,,,,0,,,False
ES,60,or30_range,>,,0,,,,0,,,False
ES,60,or30_range,<,,0,,,,0,,,False
ES,60,or30_range,>,,0,,,,0,,,False
ES,60,or30_range,<,,0,,,,0,,,False
ES,60,or30_range,>,,0,,,,0,,,False
ES,60,or30_range,<,,0,,,,0,,,False
ES,60,pd_return,>,,0,,,,0,,,False
ES,60,pd_return,<,,0,,,,0,,,False
ES,60,pd_return,>,,0,,,,0,,,False
ES,60,pd_return,<,,0,,,,0,,,False
ES,60,pd_return,>,,0,,,,0,,,False
ES,60,pd_return,<,,0,,,,0,,,False
ES,60,pd_return,>,,0,,,,0,,,False
ES,60,pd_return,<,,0,,,,0,,,False
ES,60,on_range_atr,>,,0,,,,0,,,False
ES,60,on_range_atr,<,,0,,,,0,,,False
ES,60,on_range_atr,>,,0,,,,0,,,False
ES,60,on_range_atr,<,,0,,,,0,,,False
ES,60,on_range_atr,>,,0,,,,0,,,False
ES,60,on_range_atr,<,,0,,,,0,,,False
ES,60,on_range_atr,>,,0,,,,0,,,False
ES,60,on_range_atr,<,,0,,,,0,,,False
ES,90,ALL,,,1627,0.012292588949701925,0.5402581438229871,0.025979066626630166,772,0.010148334771699855,0.5569948186528497,False
ES,90,d_pdh,>,-0.41262599497126906,1464,0.010242267764785977,0.5348360655737705,0.021165249172047877,704,0.0021724717441829393,0.5426136363636364,False
ES,90,d_pdh,<,-0.41262599497126906,163,0.030707743641216957,0.588957055214724,0.08451649646679518,66,0.08991174198029583,0.7121212121212122,False
ES,90,d_pdh,>,-0.07426180638499318,1220,0.0034146888111781654,0.5237704918032787,0.006875009030365644,591,0.009481735095642162,0.5279187817258884,False
ES,90,d_pdh,<,-0.07426180638499318,407,0.03890447634281983,0.5896805896805897,0.09880421287805552,179,0.010390444899887118,0.6536312849162011,False
ES,90,d_pdh,>,0.7124287869575987,407,0.0045174135244986655,0.5184275184275184,0.007309141719284402,182,0.01439327654878998,0.5164835164835165,False
ES,90,d_pdh,<,0.7124287869575987,1220,0.01488643845630662,0.5475409836065573,0.03595770055422169,588,0.00823812712027983,0.5697278911564626,False
ES,90,d_pdh,>,1.3105648644188062,163,-0.01585466701417752,0.5214723926380368,-0.021060206270350903,68,0.147194387374505,0.5882352941176471,False
ES,90,d_pdh,<,1.3105648644188062,1464,0.015426470590489048,0.5423497267759563,0.03577092908873219,702,-0.0036262439641909206,0.5541310541310541,False
ES,90,d_pdl,>,-1.398308915211969,1464,0.015293895614499661,0.5389344262295082,0.03254920179043318,702,0.010979137838854434,0.5541310541310541,False
ES,90,d_pdl,<,-1.398308915211969,163,-0.014663932260505927,0.5521472392638037,-0.029177106800818985,68,-0.0035847012392867636,0.5882352941176471,False
ES,90,d_pdl,>,-0.9129602765517493,1220,0.001401337273581173,0.5188524590163934,0.0029814080210869634,575,0.015651699644675977,0.5530434782608695,False
ES,90,d_pdl,<,-0.9129602765517493,407,0.044939584145936115,0.6044226044226044,0.09331428150842705,195,-0.007877601113253172,0.5692307692307692,False
ES,90,d_pdl,>,-0.14424497198994246,407,0.0041800976446700975,0.5085995085995086,0.007308088796165093,205,-0.004568339978360797,0.5073170731707317,False
ES,90,d_pdl,<,-0.14424497198994246,1220,0.014998969245724837,0.5508196721311476,0.03444160532126845,565,0.014867442078173941,0.5752212389380531,False
ES,90,d_pdl,>,0.2732955324616476,163,-0.014180201581691927,0.5030674846625767,-0.02119420709861652,70,0.1241718346145828,0.5428571428571428,False
ES,90,d_pdl,<,0.2732955324616476,1464,0.01524003762225466,0.5443989071038251,0.03414759813105809,700,-0.0017549047777378286,0.5585714285714286,False
ES,90,d_pc,>,-0.7194220320310567,1464,0.013488983067174,0.5348360655737705,0.028605559748725747,690,0.01569303625574843,0.5521739130434783,False
ES,90,d_pc,<,-0.7194220320310567,163,0.0015470614160877007,0.588957055214724,0.0031646464391890416,80,-0.042057499223276264,0.6,False
ES,90,d_pc,>,-0.3737992228908869,1220,0.0037638711117169345,0.5254098360655738,0.0078688546499576,577,0.017654991818485715,0.537261698440208,False
ES,90,d_pc,<,-0.3737992228908869,407,0.037857787382973886,0.5847665847665847,0.0828394128888036,193,-0.014110545081149948,0.616580310880829,False
ES,90,d_pc,>,0.24353058487776366,407,0.006716059185104245,0.538083538083538,0.012138432335465027,185,-0.005180945699761564,0.4864864864864865,False
ES,90,d_pc,<,0.24353058487776366,1220,0.014152955846580004,0.5409836065573771,0.031913537128464405,585,0.014396700911214028,0.5794871794871795,False
ES,90,d_pc,>,0.6802372343885724,163,-0.05187937625171294,0.4723926380368098,-0.07510528415085058,76,0.030347164072956328,0.47368421052631576,False
ES,90,d_pc,<,0.6802372343885724,1464,0.019437418408602622,0.5478142076502732,0.04396155691166315,694,0.007431139206137806,0.5662824207492796,False
ES,90,d_on_high,>,0.023049120914193554,1464,0.05335842376556373,0.5881147540983607,0.11660595392422425,688,0.04783298211227036,0.6046511627906976,True
ES,90,d_on_high,<,0.023049120914193554,163,-0.356544111482333,0.11042944785276074,-0.7892330164376017,84,-0.2985068720177348,0.16666666666666666,False
ES,90,d_on_high,>,0.18365384155755243,1220,0.09140575427886814,0.6327868852459017,0.19273181937548392,575,0.09334371438474717,0.6417391304347826,True
ES,90,d_on_high,<,0.18365384155755243,407,-0.2248525257962017,0.2628992628992629,-0.588151077100887,197,-0.23268081892120474,0.3096446700507614,False
ES,90,d_on_high,>,0.6523418100319627,407,0.2076616776907997,0.6486486486486487,0.3230768933265392,188,0.21141251814030784,0.6276595744680851,True
ES,90,d_on_high,<,0.6523418100319627,1220,-0.05288382016310693,0.5040983606557377,-0.13933741606341946,584,-0.05464219001134519,0.5342465753424658,False
ES,90,d_on_high,>,1.0097817730202854,163,0.20048524168162188,0.6134969325153374,0.23941772560417546,77,0.2928907042777228,0.5974025974025974,False
ES,90,d_on_high,<,1.0097817730202854,1464,-0.008660554762936704,0.532103825136612,-0.021205105497851776,695,-0.02117707882824802,0.5525179856115108,False
ES,90,d_on_low,>,-1.0896103363431533,1464,0.05259972268792401,0.5546448087431693,0.13182726701372713,699,0.059206753310763575,0.5708154506437768,True
ES,90,d_on_low,<,-1.0896103363431533,163,-0.34972976560709024,0.4110429447852761,-0.42954212340209763,73,-0.4596028235681021,0.4246575342465753,False
ES,90,d_on_low,>,-0.7283666462785056,1220,0.08999592575943546,0.5795081967213115,0.2503041122953386,592,0.09234698897015717,0.5878378378378378,True
ES,90,d_on_low,<,-0.7283666462785056,407,-0.22062650419003993,0.4226044226044226,-0.33412694758501554,180,-0.2601939057032264,0.45555555555555555,False
ES,90,d_on_low,>,-0.2222222222222222,406,0.2339618204305317,0.7561576354679803,0.6835663355717352,213,0.1995422582780097,0.7276995305164319,True
ES,90,d_on_low,<,-0.2222222222222222,1219,-0.06153427585763432,0.46841673502871206,-0.12611780961257227,559,-0.062017865061652556,0.4919499105545617,False
ES,90,d_on_low,>,-0.04654788592066537,163,0.39185302295767227,0.8895705521472392,1.0741921252486537,93,0.324070865858461,0.8494623655913979,False
ES,90,d_on_low,<,-0.04654788592066537,1464,-0.029967213470584397,0.5013661202185792,-0.06443978194472273,679,-0.03284841838156788,0.5169366715758469,False
ES,90,d_on_mid,>,-0.4412717133867081,1464,0.05697765027671668,0.569672131147541,0.13380696197087527,697,0.06040373126184559,0.5796269727403156,True
ES,90,d_on_mid,<,-0.4412717133867081,163,-0.38905053855182936,0.27607361963190186,-0.5935700848754762,75,-0.4568918166100547,0.3466666666666667,False
ES,90,d_on_mid,>,-0.2353244309153571,1220,0.10639183293521313,0.6139344262295082,0.25936360430186384,604,0.10109378137583587,0.6059602649006622,True
ES,90,d_on_mid,<,-0.2353244309153571,407,-0.2697739409331572,0.3194103194103194,-0.5052504282915385,168,-0.316822199447932,0.38095238095238093,False
ES,90,d_on_mid,>,0.16457451890268854,407,0.2587113321400905,0.7174447174447175,0.5459854121784136,198,0.2454461458102389,0.6666666666666666,True
ES,90,d_on_mid,<,0.16457451890268854,1220,-0.06991431963922279,0.48114754098360657,-0.15758807875280612,574,-0.07101711224159411,0.519163763066202,False
ES,90,d_on_mid,>,0.40196132501464626,163,0.38399208043732785,0.7730061349693251,0.7111550835543797,74,0.3736634928187138,0.7162162162162162,False
ES,90,d_on_mid,<,0.40196132501464626,1464,-0.029091985580682655,0.514344262295082,-0.0651418480237149,698,-0.02839052152554806,0.5401146131805158,False
ES,90,d_vwap,>,-0.2280455718011987,1464,0.015685671264461732,0.5450819672131147,0.03429791115051269,696,0.01673217614728802,0.5574712643678161,False
ES,90,d_vwap,<,-0.2280455718011987,163,-0.01818270251538002,0.49693251533742333,-0.030418047745799145,76,-0.050145791510002403,0.5526315789473685,False
ES,90,d_vwap,>,-0.12349609360711923,1220,0.012350059388126961,0.5434426229508197,0.027258720635742962,566,0.00719345443292617,0.5441696113074205,False
ES,90,d_vwap,<,-0.12349609360711923,407,0.012120318839435242,0.5307125307125307,0.022890739350126012,206,0.018267083663670258,0.5922330097087378,False
ES,90,d_vwap,>,0.09545154987383914,407,-0.012171224384390826,0.4963144963144963,-0.02140489601994129,226,0.009060326581903349,0.5132743362831859,False
ES,90,d_vwap,<,0.09545154987383914,1220,0.02045387749640336,0.5549180327868852,0.04683919108032854,546,0.01059868248395994,0.575091575091575,False
ES,90,d_vwap,>,0.23159211539844474,163,-0.0014090793403858009,0.5153374233128835,-0.002118719811262666,90,0.009133846362220454,0.4888888888888889,False
ES,90,d_vwap,<,0.23159211539844474,1464,0.013818116225169345,0.5430327868852459,0.03091084596227603,682,0.010282211541279241,0.5659824046920822,False
ES,90,on_position,>,0.054957123514363417,1464,-0.030873758519551254,0.5013661202185792,-0.06657795751193894,691,-0.03160569717293171,0.5180897250361794,False
ES,90,on_position,<,0.054957123514363417,163,0.3999952435201722,0.8895705521472392,1.0800990986261658,81,0.36634631099071724,0.8888888888888888,False
ES,90,on_position,>,0.303382420616659,1220,-0.07014205815621462,0.46967213114754097,-0.15103775904075348,565,-0.07440066504694261,0.5026548672566372,False
ES,90,on_position,<,0.303382420616659,407,0.2593939881369702,0.7518427518427518,0.633784939734629,207,0.2409221748564003,0.7053140096618358,True
ES,90,on_position,>,0.7691038334602691,407,-0.22997293699164428,0.3022113022113022,-0.5254499198578524,182,-0.2852165688828899,0.3021978021978022,False
ES,90,on_position,<,0.7691038334602691,1220,0.09311395703013464,0.6196721311475409,0.20381672708805312,590,0.10126089827192923,0.635593220338983,True
ES,90,on_position,>,0.9677419354838622,163,-0.36793666150528637,0.11042944785276074,-0.7974875288863766,84,-0.3542704769999987,0.17857142857142858,False
ES,90,on_position,<,0.9677419354838622,1464,0.05462685658915758,0.5881147540983607,0.11996031260513422,688,0.05464132923219794,0.6031976744186046,True
ES,90,gap_atr,>,-0.5313938945420907,1464,0.013620925843512299,0.5450819672131147,0.03041257597867988,699,0.01311539076095472,0.5679542203147353,False
ES,90,gap_atr,<,-0.5313938945420907,163,0.0003620048236995782,0.49693251533742333,0.0005485124910197685,71,-0.02400088821553567,0.4507042253521127,False
ES,90,gap_atr,>,-0.20645319125801892,1220,0.011581237864313892,0.5442622950819672,0.02619002438034022,587,0.0020134602739561424,0.5706984667802385,False
ES,90,gap_atr,<,-0.20645319125801892,407,0.014424894414501439,0.5282555282555282,0.025926199394790368,183,0.03432619616279814,0.5136612021857924,False
ES,90,gap_atr,>,0.32080081036229735,407,0.02483377218607309,0.5798525798525799,0.05240918249412005,185,0.007139616596947335,0.5891891891891892,False
ES,90,gap_atr,<,0.32080081036229735,1220,0.008108767984781383,0.5270491803278688,0.017140763071684804,585,0.010500454714818907,0.5470085470085471,False
ES,90,gap_atr,>,0.5741026734319704,163,0.05841452174889253,0.6073619631901841,0.12353164875144021,78,-0.06147047941582089,0.5512820512820513,False
ES,90,gap_atr,<,0.5741026734319704,1464,0.007157428398972369,0.5327868852459017,0.015129116371073767,692,0.01771429548126929,0.5578034682080925,False
ES,90,atr_pctile,>,0.3477432712215321,1464,0.007948059402318982,0.5355191256830601,0.016972693070653404,772,0.010148334771699855,0.5569948186528497,False
ES,90,atr_pctile,<,0.3477432712215321,163,0.05131339420963215,0.5828220858895705,0.09965579993932489,0,,,False
ES,90,atr_pctile,>,0.5808586450294833,1220,0.007221895809740576,0.5360655737704918,0.015251692701929512,592,0.020492290232164697,0.5608108108108109,False
ES,90,atr_pctile,<,0.5808586450294833,407,0.027492209664082376,0.5528255528255528,0.05819654630736543,180,-0.023871785409384533,0.5444444444444444,False
ES,90,atr_pctile,>,0.8995272452531415,407,-0.01687942311362848,0.5036855036855037,-0.03526662285276757,106,0.012941496569565813,0.5943396226415094,False
ES,90,atr_pctile,<,0.8995272452531415,1220,0.02202456346591133,0.5524590163934426,0.04674774320894545,666,0.009703777488556022,0.551051051051051,False
ES,90,atr_pctile,>,0.954784935860019,163,0.04731213919985111,0.5828220858895705,0.10099785033744685,56,0.029027499228913962,0.625,False
ES,90,atr_pctile,<,0.954784935860019,1464,0.008393554324856082,0.5355191256830601,0.017719340771217184,716,0.008671752076722212,0.5516759776536313,False
ES,90,ret_5m,>,-0.0009567926560045679,1464,0.006776534005338171,0.537568306010929,0.014567356995613408,707,0.019042664932441958,0.562942008486563,False
ES,90,ret_5m,<,-0.0009567926560045679,163,0.06183556096533711,0.5644171779141104,0.11478419244163321,65,-0.08659461020744898,0.49230769230769234,False
ES,90,ret_5m,>,-0.0003937950522708844,1220,0.012098088699345625,0.5409836065573771,0.02615402577983255,598,0.020035001410782117,0.5702341137123745,False
ES,90,ret_5m,<,-0.0003937950522708844,407,0.012875611813177819,0.538083538083538,0.025536075610117236,174,-0.023829979309743805,0.5114942528735632,False
ES,90,ret_5m,>,0.0003687819081926724,407,0.028753863150113346,0.5503685503685504,0.05743997081915973,189,0.011471664380248721,0.5608465608465608,False
ES,90,ret_5m,<,0.0003687819081926724,1220,0.0068009999336630335,0.5368852459016393,0.014665242704666051,583,0.009719330833422432,0.5557461406518011,False
ES,90,ret_5m,>,0.0009428092192071527,163,0.01333497520596995,0.5276073619631901,0.02462965599119256,59,-0.005442953963487517,0.5932203389830508,False
ES,90,ret_5m,<,0.0009428092192071527,1464,0.012176530917070985,0.5416666666666666,0.026176820466307652,713,0.011438497514162762,0.5539971949509116,False
ES,90,ret_15m,>,-0.0017758836910915842,1464,0.017174207216024376,0.5443989071038251,0.036757192523832,700,0.013684125485815341,0.56,False
ES,90,ret_15m,<,-0.0017758836910915842,163,-0.03155212971223713,0.5030674846625767,-0.0603254310337961,72,-0.024227408282200727,0.5277777777777778,False
ES,90,ret_15m,>,-0.0007482740103515462,1220,0.01807060250260538,0.5467213114754098,0.03976811578567859,565,0.015584686647924006,0.5769911504424778,False
ES,90,ret_15m,<,-0.0007482740103515462,407,-0.005027255115512366,0.5208845208845209,-0.00956354560259105,207,-0.004690016967752555,0.5024154589371981,False
ES,90,ret_15m,>,0.0007483989662695478,407,0.04802147506107541,0.5503685503685504,0.09990454637084466,162,0.015408748531414973,0.5617283950617284,False
ES,90,ret_15m,<,0.0007483989662695478,1220,0.00037319825516995335,0.5368852459016393,0.0007936349055807682,610,0.008751306855185345,0.5557377049180328,False
ES,90,ret_15m,>,0.0017104396553290443,163,0.039294246664131664,0.5030674846625767,0.0813633242542665,49,-0.06357851506721021,0.5102040816326531,False
ES,90,ret_15m,<,0.0017104396553290443,1464,0.009286256840786593,0.5443989071038251,0.019668253128790007,723,0.015145036904627367,0.5601659751037344,False
ES,90,ret_30m,>,-0.0026898910255540366,1464,0.015493740555527684,0.5437158469945356,0.03331051766086528,702,0.013434255325648388,0.5612535612535613,False
ES,90,ret_30m,<,-0.0026898910255540366,163,-0.01645885860200919,0.50920245398773,-0.030432549677897033,70,-0.02280475421218408,0.5142857142857142,False
ES,90,ret_30m,>,-0.0010141987829614951,1219,0.022483626576230428,0.5488105004101723,0.04942021029874379,562,0.009184999952517692,0.5693950177935944,False
ES,90,ret_30m,<,-0.0010141987829614951,406,-0.01826803221049865,0.5147783251231527,-0.03485924956951463,210,0.01272640224017783,0.5238095238095238,False
ES,90,ret_30m,>,0.0011247389974964328,407,0.02232721477055268,0.5405405405405406,0.04779704486588873,188,0.03528214247080972,0.5691489361702128,False
ES,90,ret_30m,<,0.0011247389974964328,1220,0.00894497197504106,0.5401639344262295,0.018819001004881993,584,0.002057314485000096,0.553082191780822,False
ES,90,ret_30m,>,0.002215696531054912,163,-0.014852474257791293,0.4601226993865031,-0.03089941933172224,63,-0.015851268075154974,0.5079365079365079,False
ES,90,ret_30m,<,0.002215696531054912,1464,0.015314887653814896,0.5491803278688525,0.032419281298384305,709,0.012458595673465508,0.5613540197461213,False
ES,90,ret_60m,>,-0.0038922481030702494,1464,0.01683342540850593,0.5450819672131147,0.03710431897458598,692,0.008176289214130257,0.5606936416184971,False
ES,90,ret_60m,<,-0.0038922481030702494,163,-0.028491365502378227,0.49693251533742333,-0.045823527456284215,80,0.027206528844676864,0.525,False
ES,90,ret_60m,>,-0.0015715038361487355,1220,0.010965330892763192,0.5409836065573771,0.025156611606747405,551,0.014642645329213423,0.5771324863883848,False
ES,90,ret_60m,<,-0.0015715038361487355,407,0.01627110204421115,0.538083538083538,0.028488728991903987,221,-0.0010569372517842085,0.5067873303167421,False
ES,90,ret_60m,>,0.0016393885754135695,407,0.01317105334371015,0.542997542997543,0.026481694167692204,200,-0.020174356405740005,0.575,False
ES,90,ret_60m,<,0.0016393885754135695,1220,0.011999527467438523,0.5393442622950819,0.02580358546860474,572,0.020750674344231272,0.5506993006993007,False
ES,90,ret_60m,>,0.003635255773870407,163,-0.020720914569926738,0.5337423312883436,-0.037008575093996424,73,0.03320616513525706,0.6164383561643836,False
ES,90,ret_60m,<,0.003635255773870407,1464,0.015968272743212494,0.5409836065573771,0.034519219861436266,699,0.007740292401829066,0.5507868383404864,False
ES,90,rel_volume,>,0.6658712343905754,1464,0.013682542937526685,0.5389344262295082,0.027850148287876436,688,0.012757613300150029,0.559593023255814,False
ES,90,rel_volume,<,0.6658712343905754,163,-0.00019141496548489466,0.5521472392638037,-0.0007379203163926228,84,-0.011222898889892122,0.5357142857142857,False
ES,90,rel_volume,>,0.7924750477274112,1220,0.011113183916505473,0.5360655737704918,0.02183538485831743,570,0.01641095446181663,0.543859649122807,False
ES,90,rel_volume,<,0.7924750477274112,407,0.015827906248226914,0.5528255528255528,0.04589843047986862,202,-0.007523413858827705,0.594059405940594,False
ES,90,rel_volume,>,1.1798058564074827,407,0.016341078321002754,0.5208845208845209,0.025435501485914756,214,0.009451312393040031,0.5327102803738317,False
ES,90,rel_volume,<,1.1798058564074827,1220,0.010941986347964682,0.5467213114754098,0.027255489675043227,558,0.010415651597924227,0.5663082437275986,False
ES,90,rel_volume,>,1.43288183328071,163,-0.01182926025893895,0.5030674846625767,-0.01523900484065276,71,0.032767432542945264,0.5352112676056338,False
ES,90,rel_volume,<,1.43288183328071,1464,0.014978286641647597,0.5443989071038251,0.035105507092082655,701,0.007857384783456734,0.5592011412268189,False
ES,90,upbars10,>,2.0,1448,0.014307538499747842,0.5414364640883977,0.029986473975941185,704,0.009616043713224286,0.5610795454545454,False
ES,90,upbars10,<,2.0,34,-0.023607929688759993,0.4411764705882353,-0.05711189647329841,10,-0.18887986047083255,0.4,False
ES,90,upbars10,>,3.0,1160,0.014419530533112651,0.5379310344827586,0.029602669886463612,574,0.02224148589397048,0.5557491289198606,False
ES,90,upbars10,<,3.0,179,-0.004007114673015895,0.5307262569832403,-0.009091677431809386,68,0.01565911278885862,0.5147058823529411,False
ES,90,upbars10,>,5.0,397,0.004102762825184654,0.5289672544080605,0.008447043538097465,201,0.04342102037236916,0.5920398009950248,False
ES,90,upbars10,<,5.0,895,0.0217567720700143,0.5486033519553073,0.04913941476971884,379,-0.009918506938277167,0.5435356200527705,False
ES,90,upbars10,>,6.0,141,0.05405277556111944,0.5177304964539007,0.1273906875859613,77,-0.02060328270867572,0.5324675324675324,False
ES,90,upbars10,<,6.0,1230,0.014935971853306279,0.5439024390243903,0.031830984815368675,571,-0.0015641167269595739,0.5446584938704028,False
ES,90,ib_ratio,>,0.2354561798939513,1464,0.011148855766001723,0.5368852459016393,0.022702079880900082,670,0.003123215169495882,0.5447761194029851,False
ES,90,ib_ratio,<,0.2354561798939513,163,0.02256513729900932,0.5705521472392638,0.08584426643989745,102,0.05629372823715728,0.6372549019607843,False
ES,90,ib_ratio,>,0.30272282194884137,1220,0.014324889313704067,0.5459016393442623,0.027671972168410913,571,-0.00801606661431133,0.532399299474606,False
ES,90,ib_ratio,<,0.30272282194884137,407,0.0062006812246832195,0.5233415233415234,0.020440425815259865,201,0.06174969393295548,0.6268656716417911,False
ES,90,ib_ratio,>,0.5650562851782364,407,0.014229636096343375,0.5257985257985258,0.021755868444522704,189,0.019736032018550034,0.5343915343915344,False
ES,90,ib_ratio,<,0.5650562851782364,1220,0.011646377319633838,0.5450819672131147,0.029471456723925784,583,0.007040144755139501,0.5643224699828473,False
ES,90,ib_ratio,>,0.7672525826176334,163,-0.044516585836567445,0.4723926380368098,-0.05766574065465769,69,0.04976512892988398,0.5507246376811594,False
ES,90,ib_ratio,<,0.7672525826176334,1464,0.018617654175222355,0.5478142076502732,0.0435868622701869,703,0.00625991543042715,0.5576102418207681,False
ES,90,or30_range,>,4.5,1441,0.006917730628543621,0.5371269951422624,0.014374516361341502,761,0.010561120306195711,0.557161629434954,False
ES,90,or30_range,<,4.5,152,0.07489711777871953,0.5921052631578947,0.18400775590003146,10,-0.027557790046325574,0.5,False
ES,90,or30_range,>,6.5,1195,0.0014255886422143483,0.5313807531380753,0.002847034213364497,740,0.008555568663901409,0.5554054054054054,False
ES,90,or30_range,<,6.5,401,0.0396524951010978,0.5561097256857855,0.10151504298908366,26,0.038920359656594974,0.5769230769230769,False
ES,90,or30_range,>,19.125,407,0.0021174651255959145,0.5085995085995086,0.004057815869711958,285,0.015753992501020882,0.5894736842105263,False
ES,90,or30_range,<,19.125,1220,0.015687076979547132,0.5508196721311476,0.03440384353412075,487,0.006867816388010946,0.5379876796714579,False
ES,90,or30_range,>,29.25000000000018,163,0.034613947232210215,0.50920245398773,0.06243712199439156,122,0.07630587340631748,0.6065573770491803,False
ES,90,or30_range,<,29.25000000000018,1464,0.009807355752947246,0.5437158469945356,0.021163698802070103,650,-0.002268926325874536,0.5476923076923077,False
ES,90,pd_return,>,-0.01129299420721894,1464,0.013785283006784787,0.5389344262295082,0.030637237173363543,703,0.003186946149432165,0.5547652916073968,False
ES,90,pd_return,<,-0.01129299420721894,163,-0.0011141846672876846,0.5521472392638037,-0.0017219781149921912,65,0.0736318654243644,0.5692307692307692,False
ES,90,pd_return,>,-0.0035901799187302297,1220,0.004688228943542462,0.5286885245901639,0.010443059645312454,580,-0.0036364412898883536,0.5465517241379311,False
ES,90,pd_return,<,-0.0035901799187302297,407,0.03508698503696125,0.5749385749385749,0.06505840283836126,188,0.04859377842430714,0.5851063829787234,False
ES,90,pd_return,>,0.005730668760171254,407,-0.018172657352173903,0.5012285012285013,-0.0468969978143812,198,0.01599148986595498,0.5606060606060606,False
ES,90,pd_return,<,0.005730668760171254,1220,0.022455994888114596,0.5532786885245902,0.04507262988273295,570,0.006772244565220011,0.5543859649122806,False
ES,90,pd_return,>,0.01196268137227139,163,-0.032844113433366864,0.49693251533742333,-0.07458335905626354,63,0.009351283335971594,0.5873015873015873,False
ES,90,pd_return,<,0.01196268137227139,1464,0.01731805513033049,0.5450819672131147,0.03633952716944231,705,0.009131012121231602,0.5531914893617021,False
ES,90,on_range_atr,>,0.4548089591567857,1464,0.012868640993800768,0.5450819672131147,0.026021568053843046,659,0.012789561008765521,0.5614567526555387,False
ES,90,on_range_atr,<,0.4548089591567857,163,0.007118722737673036,0.49693251533742333,0.03626460763582916,113,-0.005254922663930935,0.5309734513274337,False
ES,90,on_range_atr,>,0.6119292752227983,1220,0.00915902714970026,0.5450819672131147,0.01724881747491358,540,0.00988419897156849,0.5685185185185185,False
ES,90,on_range_atr,<,0.6119292752227983,407,0.021685575180665155,0.5257985257985258,0.09698548818660989,232,0.01076313361683319,0.5301724137931034,False
ES,90,on_range_atr,>,1.2013472316066234,407,-0.029533027128223366,0.5331695331695332,-0.03986298175232449,180,-0.04124660599516965,0.5333333333333333,False
ES,90,on_range_atr,<,1.2013472316066234,1220,0.02624588873963274,0.5426229508196722,0.07737558636967606,592,0.025775174869734498,0.5641891891891891,False
ES,90,on_range_atr,>,1.66167528534892,163,-0.13659523977920038,0.44785276073619634,-0.14611471283619712,72,-0.2884187987483181,0.4166666666666667,False
ES,90,on_range_atr,<,1.66167528534892,1464,0.028869580809545554,0.5505464480874317,0.0747105259062776,700,0.04085809707661599,0.5714285714285714,False
ES,150,ALL,,,1628,0.003486017250699948,0.5454545454545454,0.008571961051859143,772,-0.004154962536435223,0.5440414507772021,False
ES,150,d_pdh,>,-0.48160256670858825,1465,0.002890770047034383,0.5399317406143345,0.007007398481588006,701,-0.013297118032691145,0.5292439372325249,False
ES,150,d_pdh,<,-0.48160256670858825,163,0.00883593843701929,0.5950920245398773,0.025190731987846722,69,0.08075446939967922,0.6811594202898551,False
ES,150,d_pdh,>,-0.11021071834597995,1221,-0.00036144607524229755,0.5348075348075348,-0.0008553289462025273,596,-0.01833508206024861,0.5251677852348994,False
ES,150,d_pdh,<,-0.11021071834597995,407,0.015028407228526691,0.5773955773955773,0.04234056591595727,174,0.041255675606721526,0.603448275862069,False
ES,150,d_pdh,>,0.7465710639534588,407,0.013858302608857596,0.5282555282555282,0.026438425400898573,179,0.009007976129960403,0.5251396648044693,False
ES,150,d_pdh,<,0.7465710639534588,1221,2.8588797980732197e-05,0.5511875511875511,7.957423095251249e-05,591,-0.009072164263285179,0.5482233502538071,False
ES,150,d_pdh,>,1.3552787266840205,163,-0.016649021784975248,0.48466257668711654,-0.02597055394543437,68,0.0625703882853822,0.5294117647058824,False
ES,150,d_pdh,<,1.3552787266840205,1465,0.005726298044430362,0.5522184300341297,0.015399452102260309,702,-0.011401720449778656,0.5441595441595442,False
ES,150,d_pdl,>,-1.429153646812331,1465,0.006119338798881025,0.5412969283276451,0.01515724469297974,689,-0.00753676438629925,0.5413642960812772,False
ES,150,d_pdl,<,-1.429153646812331,163,-0.020181565989087033,0.5828220858895705,-0.04661881675529387,81,0.0178223371582908,0.5555555555555556,False
ES,150,d_pdl,>,-0.968956557128993,1221,-0.00216209481228361,0.5274365274365275,-0.005321522032777807,573,0.00020217571469480556,0.5497382198952879,False
ES,150,d_pdl,<,-0.968956557128993,407,0.020430353439650616,0.5995085995085995,0.05009183475086331,197,-0.019619634704866756,0.5228426395939086,False
ES,150,d_pdl,>,-0.11601502012849914,407,-0.004648160698169263,0.5331695331695332,-0.009507564463206926,201,-0.01599223832152355,0.5124378109452736,False
ES,150,d_pdl,<,-0.11601502012849914,1221,0.006197409900323019,0.5495495495495496,0.01650504376236428,569,-0.0009398619502853965,0.5536028119507909,False
ES,150,d_pdl,>,0.36961817027310534,163,-0.016404947632583804,0.5214723926380368,-0.029155471366937507,62,0.039338136783794636,0.532258064516129,False
ES,150,d_pdl,<,0.36961817027310534,1465,0.005699141671160873,0.548122866894198,0.014778438738418156,708,-0.008740375470245615,0.5437853107344632,False
ES,150,d_pc,>,-0.7924528301886793,1464,0.000781418859512307,0.5389344262295082,0.0019228009484025962,692,-0.006157654982366306,0.5390173410404624,False
ES,150,d_pc,<,-0.7924528301886793,162,0.030778799373774327,0.6049382716049383,0.07524437890327898,78,0.00656251148024175,0.5769230769230769,False
ES,150,d_pc,>,-0.42960587773111286,1221,-0.003780770271147426,0.5323505323505323,-0.009263374383240961,585,-0.010984411531096878,0.5264957264957265,False
ES,150,d_pc,<,-0.42960587773111286,407,0.02528637981624208,0.5847665847665847,0.06290787143428517,185,0.014468429153259708,0.5945945945945946,False
ES,150,d_pc,>,0.2708948262170068,407,0.011249034990452255,0.5331695331695332,0.02264759351178845,197,-0.011976457320519357,0.49746192893401014,False
ES,150,d_pc,<,0.2708948262170068,1221,0.0008983446707825119,0.5495495495495496,0.0024144930301361308,573,-0.0024255833511279486,0.5584642233856894,False
ES,150,d_pc,>,0.7578539387130607,163,-0.008186259502060613,0.48466257668711654,-0.01393697880019874,72,-0.00530682578615951,0.4583333333333333,False
ES,150,d_pc,<,0.7578539387130607,1465,0.004784707428652149,0.5522184300341297,0.012539104621495985,698,-0.004823968331998771,0.5515759312320917,False
ES,150,d_on_high,>,0.011117716268791752,1465,0.03770638745494418,0.5911262798634812,0.09557749569176302,689,0.027498852429931275,0.5936139332365747,False
ES,150,d_on_high,<,0.011117716268791752,163,-0.30407743274450133,0.13496932515337423,-0.7884929089376488,83,-0.26691976388374267,0.13253012048192772,False
ES,150,d_on_high,>,0.16767906392507032,1221,0.06499737429689603,0.6224406224406225,0.159945937003794,563,0.06542547659320554,0.6358792184724689,True
ES,150,d_on_high,<,0.16767906392507032,407,-0.18104805388788836,0.3144963144963145,-0.5204228627629371,209,-0.19158935119666368,0.2966507177033493,False
ES,150,d_on_high,>,0.6230680206471478,407,0.1346478110644089,0.6167076167076168,0.2446301724339552,201,0.1144422066278022,0.6069651741293532,True
ES,150,d_on_high,<,0.6230680206471478,1221,-0.040234580687203036,0.5217035217035217,-0.12017657790486187,571,-0.04590282768882003,0.521891418563923,False
ES,150,d_on_high,>,1.02045221520695,163,0.09577866382725311,0.5214723926380368,0.13870579589400117,73,0.149958262671461,0.547945205479452,False
ES,150,d_on_high,<,1.02045221520695,1465,-0.006782720900820986,0.548122866894198,-0.01881305279513325,699,-0.02024976288003525,0.5436337625178826,False
ES,150,d_on_low,>,-1.1521759455669078,1465,0.033758256571405396,0.5563139931740614,0.09667013174290598,707,0.03486433249721685,0.5572842998585573,False
ES,150,d_on_low,<,-1.1521759455669078,163,-0.2685926981163766,0.44785276073619634,-0.38923019139920373,65,-0.4285648331332354,0.4,False
ES,150,d_on_low,>,-0.7757283181401511,1221,0.06110030963964897,0.5806715806715806,0.1919916912341856,594,0.051069299515690565,0.563973063973064,True
ES,150,d_on_low,<,-0.7757283181401511,407,-0.16935685991614713,0.4398034398034398,-0.3000888947063679,178,-0.18844266848566396,0.47752808988764045,False
ES,150,d_on_low,>,-0.21911089747392054,407,0.18696850986266805,0.7272727272727273,0.6026162123501659,208,0.1622827041870184,0.6971153846153846,True
ES,150,d_on_low,<,-0.21911089747392054,1221,-0.05767481361995609,0.48484848484848486,-0.13844383780961833,564,-0.06553622969685781,0.4875886524822695,False
ES,150,d_on_low,>,-0.01700430327736389,163,0.3317541354264438,0.8957055214723927,1.0550105333773554,87,0.3162255015376493,0.9080459770114943,False
ES,150,d_on_low,<,-0.01700430327736389,1465,-0.033038012280116595,0.5064846416382253,-0.08271786321189487,685,-0.044845620017377345,0.4978102189781022,False
ES,150,d_on_mid,>,-0.47361428446219256,1465,0.036726474068298404,0.5706484641638225,0.09966052514303424,707,0.036690438781209575,0.57001414427157,False
ES,150,d_on_mid,<,-0.47361428446219256,163,-0.29527023574182604,0.31901840490797545,-0.5109558570284642,65,-0.44842725071451023,0.26153846153846155,False
ES,150,d_on_mid,>,-0.26693926842931787,1221,0.06342057065393894,0.5978705978705978,0.17454947885248817,592,0.05811256041087169,0.5777027027027027,True
ES,150,d_on_mid,<,-0.26693926842931787,407,-0.17631764295901703,0.3882063882063882,-0.3734916598285322,180,-0.2089459268964668,0.43333333333333335,False
ES,150,d_on_mid,>,0.16211125130990825,407,0.17442941835483,0.6756756756756757,0.4067438493571255,190,0.1796535752212723,0.6631578947368421,True
ES,150,d_on_mid,<,0.16211125130990825,1221,-0.05349511645067674,0.502047502047502,-0.13983080481844065,582,-0.06416118620304076,0.5051546391752577,False
ES,150,d_on_mid,>,0.4206577323805186,163,0.2738797796317889,0.7055214723926381,0.5774172591801864,80,0.30222633890827916,0.7375,False
ES,150,d_on_mid,<,0.4206577323805186,1465,-0.026598749485216434,0.5276450511945392,-0.06871004014391138,692,-0.03957476617166232,0.5216763005780347,False
ES,150,d_vwap,>,-0.27313261187274446,1465,0.00010454656174581344,0.5399317406143345,0.0002627176413109976,695,-0.005487961127444344,0.5496402877697841,False
ES,150,d_vwap,<,-0.27313261187274446,163,0.03387776301338588,0.5950920245398773,0.07081220594496525,77,0.007876648122673052,0.4935064935064935,False
ES,150,d_vwap,>,-0.14788063405145951,1221,0.0011089545075943115,0.5421785421785422,0.0027510001063656996,578,-0.007386413991438811,0.5363321799307958,False
ES,150,d_vwap,<,-0.14788063405145951,407,0.01061720548001687,0.5552825552825553,0.025423194263449484,194,0.005472763963523948,0.5670103092783505,False
ES,150,d_vwap,>,0.09827869744153395,407,0.0118847364565137,0.5503685503685504,0.025317810295755167,212,0.007081441363446453,0.5141509433962265,False
ES,150,d_vwap,<,0.09827869744153395,1221,0.0006864441820953674,0.5438165438165438,0.0017891899025685165,560,-0.008408744012818997,0.5553571428571429,False
ES,150,d_vwap,>,0.25143449647489974,163,-0.06285186891959124,0.4785276073619632,-0.11079615993407392,84,0.012097441092667199,0.47619047619047616,False
ES,150,d_vwap,<,0.25143449647489974,1465,0.010866956121524154,0.552901023890785,0.028281124012951114,688,-0.006139267630686097,0.5523255813953488,False
ES,150,on_position,>,0.02146739130434784,1465,-0.03346529992792247,0.5064846416382253,-0.08387453278825693,688,-0.04401228762624488,0.5,False
ES,150,on_position,<,0.02146739130434784,163,0.335594481463472,0.8957055214723927,1.0664212702604199,84,0.32229550962772,0.9047619047619048,False
ES,150,on_position,>,0.30612244897959184,1220,-0.060519445966876625,0.4852459016393443,-0.14999221961198766,562,-0.07127899970366108,0.4928825622775801,False
ES,150,on_position,<,0.30612244897959184,406,0.1932927269109252,0.7241379310344828,0.5482409296639882,210,0.17548174645395015,0.680952380952381,True
ES,150,on_position,>,0.803041958041958,407,-0.19143406107912708,0.3316953316953317,-0.48324344199788355,183,-0.22348851832987446,0.30601092896174864,False
ES,150,on_position,<,0.803041958041958,1221,0.06845937669397562,0.6167076167076168,0.17592155493914072,589,0.06399111676780822,0.6179966044142614,True
ES,150,on_position,>,0.9848016989037479,163,-0.30355716932533455,0.12883435582822086,-0.7873876442248907,86,-0.2693246919389652,0.1511627906976744,False
ES,150,on_position,<,0.9848016989037479,1465,0.03764850149090037,0.5918088737201365,0.09541551800366392,686,0.02908788983764288,0.5932944606413995,False
ES,150,gap_atr,>,-0.5312928769657724,1465,0.00286823460185418,0.5494880546075085,0.00739426389296982,699,0.0023941429012643315,0.5550786838340487,False
ES,150,gap_atr,<,-0.5312928769657724,163,0.009038480935111304,0.50920245398773,0.016468988453530984,71,-0.07637644000454076,0.4225352112676056,False
ES,150,gap_atr,>,-0.2061677720995977,1221,0.0003874876690536568,0.5503685503685504,0.0010065434319667152,587,-0.005863587191406157,0.5587734241908007,False
ES,150,gap_atr,<,-0.2061677720995977,407,0.012781605995638825,0.5307125307125307,0.0274181241962933,183,-0.0016792113168481735,0.4918032786885246,False
ES,150,gap_atr,>,0.321378598081015,407,-0.000438318120606093,0.5552825552825553,-0.0010679830656334728,185,-0.008994378630202369,0.5621621621621622,False
ES,150,gap_atr,<,0.321378598081015,1221,0.004794129041135298,0.5421785421785422,0.011820334775783405,585,-0.003564549240600323,0.5367521367521367,False
ES,150,gap_atr,>,0.5754447165936878,163,0.05399750964249913,0.6073619631901841,0.1259692183984379,77,-0.06738925134535328,0.5194805194805194,False
ES,150,gap_atr,<,0.5754447165936878,1465,-0.002134032756032657,0.5385665529010238,-0.005283301803331651,693,0.0020775627723716816,0.5454545454545454,False
ES,150,atr_pctile,>,0.3477639751552795,1465,0.0011601730853602074,0.5440273037542662,0.0029019807161236124,772,-0.004154962536435223,0.5440414507772021,False
ES,150,atr_pctile,<,0.3477639751552795,163,0.024390076773538695,0.558282208588957,0.05246284888288531,0,,,False
ES,150,atr_pctile,>,0.5808949544437882,1221,0.0035852292442329244,0.5397215397215397,0.008862606410027885,592,0.010054659032544891,0.5506756756756757,False
ES,150,atr_pctile,<,0.5808949544437882,407,0.0031883812701010185,0.5626535626535627,0.007709968102717976,180,-0.050888829029969815,0.5222222222222223,False
ES,150,atr_pctile,>,0.8996263545034927,407,-0.019412292583489914,0.48157248157248156,-0.04694811630079989,106,0.03027532850843751,0.5660377358490566,False
ES,150,atr_pctile,<,0.8996263545034927,1221,0.011118787195429903,0.5667485667485668,0.02750369509481841,666,-0.009634858708742292,0.5405405405405406,False
ES,150,atr_pctile,>,0.9547787761691533,163,0.02162040658425699,0.5337423312883436,0.053571905466421973,56,0.04371341313337287,0.6428571428571429,False
ES,150,atr_pctile,<,0.9547787761691533,1465,0.0014683343419151053,0.5467576791808874,0.003606752433821478,716,-0.007898857840219096,0.5363128491620112,False
ES,150,ret_5m,>,-0.0008152489605102286,1465,0.004767414005721349,0.5440273037542662,0.012239220655233645,700,-0.007655058836695598,0.5428571428571428,False
ES,150,ret_5m,<,-0.0008152489605102286,163,-0.008030830884921847,0.558282208588957,-0.014920340905619122,72,0.029873751493873984,0.5555555555555556,False
ES,150,ret_5m,>,-0.000333813236358671,1221,0.005910242562592306,0.5405405405405406,0.015221997216496166,572,-0.0015064258322766816,0.5454545454545454,False
ES,150,ret_5m,<,-0.000333813236358671,407,-0.003786658684977117,0.5601965601965602,-0.008269228598082453,200,-0.011729777510328648,0.54,False
ES,150,ret_5m,>,0.00034996445775292706,407,-0.0011619696182479178,0.5135135135135135,-0.0026439397587153042,185,-0.01905770243103931,0.5297297297297298,False
ES,150,ret_5m,<,0.00034996445775292706,1221,0.005035346207015905,0.5561015561015561,0.012737566173848249,587,0.0005418123877585723,0.5485519591141397,False
ES,150,ret_5m,>,0.0008374134312968405,163,-0.03824165040457287,0.4539877300613497,-0.07273093096589088,56,0.009810359792981366,0.5,False
ES,150,ret_5m,<,0.0008374134312968405,1465,0.008128754334528938,0.5556313993174061,0.02078208622839882,716,-0.005247222383428693,0.547486033519553,False
ES,150,ret_15m,>,-0.0013448695984831446,1465,0.01046052292290153,0.5501706484641639,0.026021601077436392,697,-0.005748028174201531,0.5408895265423243,False
ES,150,ret_15m,<,-0.0013448695984831446,163,-0.059198957042400135,0.5030674846625767,-0.1336363596042939,75,0.010649927457206332,0.5733333333333334,False
ES,150,ret_15m,>,-0.0004834542427166466,1221,0.02194823091736414,0.5601965601965602,0.05547246129495691,569,-0.008729692447362781,0.5413005272407733,False
ES,150,ret_15m,<,-0.0004834542427166466,407,-0.051900623749292635,0.5012285012285013,-0.11961904501467406,203,0.008667802583356804,0.5517241379310345,False
ES,150,ret_15m,>,0.0006127056143439003,407,0.009050433247156852,0.5626535626535627,0.01919316224353916,200,-0.008417675212898395,0.535,False
ES,150,ret_15m,<,0.0006127056143439003,1221,0.001631211918547646,0.5397215397215397,0.004261066514283938,572,-0.002664503558650895,0.5472027972027972,False
ES,150,ret_15m,>,0.0014120700720730238,163,0.017698891830146182,0.5460122699386503,0.03426271505671814,67,0.040085172666445616,0.582089552238806,False
ES,150,ret_15m,<,0.0014120700720730238,1465,0.0019046530483451814,0.5453924914675768,0.00484960771061896,705,-0.008359344179829564,0.5404255319148936,False
ES,150,ret_30m,>,-0.002013094230865031,1465,0.006155475239900406,0.5501706484641639,0.01549144746747706,711,-0.005489147443858513,0.5443037974683544,False
ES,150,ret_30m,<,-0.002013094230865031,163,-0.020506350566347125,0.5030674846625767,-0.04243199005532414,61,0.011395946794351039,0.5409836065573771,False
ES,150,ret_30m,>,-0.0007802252013649202,1221,0.012222914842551686,0.5495495495495496,0.03177264230399951,582,-0.024106688480167816,0.5395189003436426,False
ES,150,ret_30m,<,-0.0007802252013649202,407,-0.022724675524855284,0.5331695331695332,-0.04876742866720897,190,0.05696032430173516,0.5578947368421052,False
ES,150,ret_30m,>,0.0009446960736378407,407,0.013897315306084379,0.5503685503685504,0.030788359953632976,198,-0.01917353635277739,0.5303030303030303,False
ES,150,ret_30m,<,0.0009446960736378407,1221,1.5584565571805977e-05,0.5438165438165438,3.988083769665344e-05,574,0.0010256604873204401,0.5487804878048781,False
ES,150,ret_30m,>,0.002098728909517744,163,-0.012572469494751349,0.5153374233128835,-0.024329074458829383,63,0.012388613944807786,0.5555555555555556,False
ES,150,ret_30m,<,0.002098728909517744,1465,0.005272729427838899,0.5488054607508532,0.01342668019521858,709,-0.00562498414196175,0.5430183356840621,False
ES,150,ret_60m,>,-0.0031724270738109793,1465,0.008328065457254587,0.5556313993174061,0.021247939164505635,716,-0.003539177971775345,0.5432960893854749,False
ES,150,ret_60m,<,-0.0031724270738109793,163,-0.04003300497385556,0.4539877300613497,-0.07695853664316596,56,-0.01202820804172926,0.5535714285714286,False
ES,150,ret_60m,>,-0.0011441253290367936,1221,0.006001976457063965,0.5454545454545454,0.015582457223618788,592,-0.00853077239484858,0.5506756756756757,False
ES,150,ret_60m,<,-0.0011441253290367936,407,-0.0040618603683920985,0.5454545454545454,-0.008722000521413848,180,0.010236589886790926,0.5222222222222223,False
ES,150,ret_60m,>,0.0014937451765414944,407,0.031148390016086863,0.5798525798525799,0.07392236506323725,196,0.014412432071538011,0.5408163265306123,False
ES,150,ret_60m,<,0.0014937451765414944,1221,-0.005734773671095687,0.533988533988534,-0.014286427076282096,576,-0.010473034312759451,0.5451388888888888,False
ES,150,ret_60m,>,0.003164455315403103,163,0.036970498760012675,0.5766871165644172,0.09564247762816802,69,0.06696051141945872,0.5507246376811594,False
ES,150,ret_60m,<,0.003164455315403103,1465,-0.00023955987286180963,0.5419795221843003,-0.0005859908606501303,703,-0.011135001943201482,0.5433854907539118,False
ES,150,rel_volume,>,0.6585290069395506,1465,0.0012119321392322217,0.543344709897611,0.0028758631426276456,695,-0.006770226883698587,0.5338129496402878,False
ES,150,rel_volume,<,0.6585290069395506,163,0.023924880369106213,0.5644171779141104,0.1014226735819019,77,0.019450345533019817,0.6363636363636364,False
ES,150,rel_volume,>,0.7845091189050003,1221,0.005138590676292111,0.5421785421785422,0.011779481629713455,580,-0.008391139934358223,0.5206896551724138,False
ES,150,rel_volume,<,0.7845091189050003,407,-0.0014717030260765328,0.5552825552825553,-0.0048813371718430705,192,0.00864182335312384,0.6145833333333334,False
ES,150,rel_volume,>,1.181126235998984,407,0.016713362113554602,0.5503685503685504,0.030568656025045996,204,-0.013938709466996808,0.4803921568627451,False
ES,150,rel_volume,<,1.181126235998984,1221,-0.0009230977035849317,0.5438165438165438,-0.0026537109037754916,568,-0.0006410815965856396,0.5669014084507042,False
ES,150,rel_volume,>,1.4754139072611734,163,0.008509165908579256,0.5214723926380368,0.012395561980840969,60,-0.05552971711024042,0.48333333333333334,False
ES,150,rel_volume,<,1.4754139072611734,1465,0.002927127673065598,0.548122866894198,0.008067313473720963,712,0.00017437071416634263,0.5491573033707865,False
ES,150,upbars10,>,2.0,1424,0.008496398189414858,0.5470505617977528,0.020751622653904383,703,-0.010100864403197286,0.5448079658605974,False
ES,150,upbars10,<,2.0,39,0.0338312446599671,0.5384615384615384,0.11577990184469572,15,0.1610658958097105,0.7333333333333333,False
ES,150,upbars10,>,3.0,1126,0.0081519506607845,0.5346358792184724,0.019571747957040083,586,-0.012643817764459449,0.5477815699658704,False
ES,150,upbars10,<,3.0,204,-0.031488406556800214,0.5343137254901961,-0.08156752720598356,69,0.056424298511879745,0.5362318840579711,False
ES,150,upbars10,>,5.0,337,0.04188792215895625,0.5727002967359051,0.0966784557428143,234,-0.03894876043185634,0.5256410256410257,False
ES,150,upbars10,<,5.0,920,0.000316836709370642,0.55,0.0008103924673395447,349,-0.00017398097117826694,0.5386819484240688,False
ES,150,upbars10,>,6.0,118,0.0001947916173266289,0.5254237288135594,0.0004528257893224645,93,0.0001477260980776071,0.5268817204301075,False
ES,150,upbars10,<,6.0,1291,-0.0065383374774815985,0.5383423702556158,-0.016386333784838225,538,0.010978399373469134,0.5520446096654275,False
ES,150,ib_ratio,>,0.23549381782568934,1465,0.0032609331414943845,0.5447098976109215,0.007735780861037125,670,-0.011307463668403137,0.5253731343283582,False
ES,150,ib_ratio,<,0.23549381782568934,163,0.005509012465338915,0.5521472392638037,0.02345551349375991,102,0.042827152742177584,0.6666666666666666,False
ES,150,ib_ratio,>,0.302807219170801,1221,0.006484139867426558,0.5528255528255528,0.014632163869466908,571,-0.024188697860129966,0.5166374781085814,False
ES,150,ib_ratio,<,0.302807219170801,407,-0.005508350599479884,0.5233415233415234,-0.020448543694989784,201,0.052756793034856815,0.6218905472636815,False
ES,150,ib_ratio,>,0.564892120075047,407,0.004355813093999613,0.5356265356265356,0.008026759752513978,189,-0.0013737676604936443,0.5185185185185185,False
ES,150,ib_ratio,<,0.564892120075047,1221,0.003196085302933392,0.5487305487305487,0.00912943963529145,583,-0.005056584889013192,0.5523156089193825,False
ES,150,ib_ratio,>,0.7670452763792832,163,-0.04970941756226514,0.5153374233128835,-0.0749755883193549,69,0.010452861806396799,0.5362318840579711,False
ES,150,ib_ratio,<,0.7670452763792832,1465,0.009404690202586163,0.5488054607508532,0.02561457187920996,703,-0.0055887319242807565,0.5448079658605974,False
ES,150,or30_range,>,4.5,1442,0.000304310567141058,0.5423023578363384,0.0007393995580761691,761,-0.003486522131054854,0.5440210249671484,False
ES,150,or30_range,<,4.5,152,0.046523371835685244,0.5855263157894737,0.12512734458194152,10,-0.05648277065667563,0.5,False
ES,150,or30_range,>,6.5,1196,-0.003906940557456013,0.532608695652174,-0.009184735826968797,740,-0.005905055757216332,0.5391891891891892,False
ES,150,or30_range,<,6.5,401,0.02128329697492384,0.5785536159600998,0.059899525956370325,26,0.013082956335700457,0.5769230769230769,False
ES,150,or30_range,>,19.0625,407,-0.0008995800822838516,0.5061425061425061,-0.002006903748391066,285,-0.004241722279283811,0.5578947368421052,False
ES,150,or30_range,<,19.0625,1221,0.004947883028361215,0.5585585585585585,0.012621197673968519,487,-0.004104189380969406,0.5359342915811088,False
ES,150,or30_range,>,29.250000000000135,163,0.039495614692856146,0.50920245398773,0.08267413374474668,122,0.04063874239766882,0.6147540983606558,False
ES,150,or30_range,<,29.250000000000135,1465,-0.0005205113384273261,0.5494880546075085,-0.001307894676489709,650,-0.012562396385605521,0.5307692307692308,False
ES,150,pd_return,>,-0.011285103527079243,1465,0.005002976243145172,0.5460750853242321,0.013091788372210072,702,-0.00634149821586176,0.5484330484330484,False
ES,150,pd_return,<,-0.011285103527079243,163,-0.010148000687534716,0.5398773006134969,-0.01737639399627237,66,0.00265441821985944,0.4696969696969697,False
ES,150,pd_return,>,-0.00358758257851316,1221,-0.004166565888392721,0.5356265356265356,-0.01100808305984206,580,-0.010554528266606718,0.5396551724137931,False
ES,150,pd_return,<,-0.00358758257851316,407,0.02644376666797795,0.5749385749385749,0.05495210493725322,188,0.009814288561742893,0.5478723404255319,False
ES,150,pd_return,>,0.005736570810418118,407,-0.01045018212493204,0.5110565110565111,-0.03168327504483529,198,-0.005914540371860225,0.51010101010101,False
ES,150,pd_return,<,0.005736570810418118,1221,0.008131417042577275,0.556920556920557,0.01894258791250491,570,-0.00544817745858931,0.5526315789473685,False
ES,150,pd_return,>,0.011961156436664021,163,-0.04331560326960468,0.5030674846625767,-0.11845903883944162,63,-0.02722131573755843,0.5396825396825397,False
ES,150,pd_return,<,0.011961156436664021,1465,0.0086932965304335,0.5501706484641639,0.021163324379329957,705,-0.0036334712816426256,0.5418439716312057,False
ES,150,on_range_atr,>,0.4548528765920075,1465,0.0025276984705858443,0.5467576791808874,0.005942887679931359,659,-0.0042720912797249355,0.5493171471927162,False
ES,150,on_range_atr,<,0.4548528765920075,163,0.012099127759087426,0.5337423312883436,0.07494997220505419,113,-0.003471884290170431,0.5132743362831859,False
ES,150,on_range_atr,>,0.6120262474159701,1221,-0.000936558800157672,0.5421785421785422,-0.0020596111442567466,540,-0.006082635272117529,0.562962962962963,False
ES,150,on_range_atr,<,0.6120262474159701,407,0.01675374540327281,0.5552825552825553,0.0825550103778431,232,0.00033186193454945873,0.5,False
ES,150,on_range_atr,>,1.2017818574136498,407,-0.044438565059203475,0.5184275184275184,-0.0714858694135788,180,-0.07485258765306335,0.5166666666666667,False
ES,150,on_range_atr,<,1.2017818574136498,1221,0.019460878020667757,0.5544635544635544,0.06453461111670171,592,0.017340936992269275,0.5523648648648649,False
ES,150,on_range_atr,>,1.6614310387654947,163,-0.14499535206263908,0.4662576687116564,-0.1916116286117113,72,-0.2816840591030201,0.3888888888888889,False
ES,150,on_range_atr,<,1.6614310387654947,1465,0.020006469945631187,0.5542662116040956,0.058313106989047674,700,0.024390887396127797,0.56,False
ES,210,ALL,,,1590,0.0015720034013114107,0.5314465408805031,0.00442001581983856,752,-0.010614785201192658,0.5279255319148937,False
ES,210,d_pdh,>,-0.5222432371898563,1431,-0.0019445326979947908,0.5269042627533194,-0.005362898908866022,680,-0.012049590244040261,0.5205882352941177,False
ES,210,d_pdh,<,-0.5222432371898563,159,0.03322082829506722,0.5723270440251572,0.11665775294934953,70,0.002974596351113871,0.6,False
ES,210,d_pdh,>,-0.1387849487935856,1192,-0.0031865438227767335,0.5251677852348994,-0.008442094819386608,572,-0.0066032517876819545,0.5174825174825175,False
ES,210,d_pdh,<,-0.1387849487935856,398,0.01582373277596735,0.550251256281407,0.056446779235535066,178,-0.02364291909446814,0.5617977528089888,False
ES,210,d_pdh,>,0.7433435402552351,398,0.009201798779980681,0.5326633165829145,0.02001373946748681,182,0.008958943456571677,0.5054945054945055,False
ES,210,d_pdh,<,0.7433435402552351,1192,-0.0009755289482778264,0.5310402684563759,-0.003111917425679912,568,-0.016929625581805368,0.5352112676056338,False
ES,210,d_pdh,>,1.3987138781088249,159,-0.0029408222115417356,0.5345911949685535,-0.004947141863261807,62,0.07371575643279021,0.5161290322580645,False
ES,210,d_pdh,<,1.3987138781088249,1431,0.002073428469406206,0.5310971348707197,0.006507833390271962,688,-0.01824982052355,0.5290697674418605,False
ES,210,d_pdl,>,-1.4767008993130875,1431,0.0027252368131626533,0.5269042627533194,0.007747824968049761,674,-0.010050956557574589,0.526706231454006,False
ES,210,d_pdl,<,-1.4767008993130875,159,-0.008807097305349763,0.5723270440251572,-0.022572926127594057,76,-0.01593624870479128,0.5394736842105263,False
ES,210,d_pdl,>,-0.9906022711953523,1192,-0.0051286589554480734,0.5184563758389261,-0.014202716667560551,564,-0.0009586019618270508,0.526595744680851,False
ES,210,d_pdl,<,-0.9906022711953523,398,0.021640318801455387,0.5703517587939698,0.0639375824888546,186,-0.040026065133865335,0.532258064516129,False
ES,210,d_pdl,>,-0.10669438678262617,398,-0.010220648259292052,0.5326633165829145,-0.023222861507100474,189,0.022420516184777296,0.49206349206349204,False
ES,210,d_pdl,<,-0.10669438678262617,1192,0.005509482730942433,0.5310402684563759,0.017073290079023404,561,-0.021787838111037995,0.5401069518716578,False
ES,210,d_pdl,>,0.3825586974363448,159,-0.005604441016387851,0.5534591194968553,-0.009980720169618448,64,0.010315062960695096,0.53125,False
ES,210,d_pdl,<,0.3825586974363448,1431,0.0023693861143891082,0.5290006988120196,0.007287479428504366,686,-0.012603008237396345,0.5276967930029155,False
ES,210,d_pc,>,-0.8523747312595534,1431,-0.001139261350713991,0.5269042627533194,-0.003225428093291988,675,-0.01168430032597513,0.5244444444444445,False
ES,210,d_pc,<,-0.8523747312595534,159,0.025973386169539994,0.5723270440251572,0.06885344586615706,75,-0.001314625351149224,0.56,False
ES,210,d_pc,>,-0.45798021490025115,1192,-0.004596416257620318,0.5276845637583892,-0.012601540473446648,571,-0.0066201376805017165,0.5183887915936952,False
ES,210,d_pc,<,-0.45798021490025115,398,0.02004626529439337,0.542713567839196,0.06137005920483301,179,-0.02349386036761413,0.5586592178770949,False
ES,210,d_pc,>,0.2923119931790834,398,-0.005854706920081146,0.5452261306532663,-0.013161287787858774,186,-0.01945262245400904,0.45698924731182794,False
ES,210,d_pc,<,0.2923119931790834,1192,0.004051727149561608,0.5268456375838926,0.01263856373860562,564,-0.007743460717949863,0.5514184397163121,False
ES,210,d_pc,>,0.7615510111462794,159,-0.026314225258234805,0.5094339622641509,-0.04882297568088417,73,0.006227379307174882,0.4931506849315068,False
ES,210,d_pc,<,0.7615510111462794,1431,0.004670473252372099,0.5338923829489868,0.014187973691874722,677,-0.012466910355676767,0.5317577548005908,False
ES,210,d_on_high,>,0.0,1423,0.0317038935124107,0.5804638088545326,0.09179148665735316,668,0.023942998725384548,0.5838323353293413,False
ES,210,d_on_high,<,0.0,156,-0.2584254758941547,0.12179487179487179,-0.7397872754760252,82,-0.2872467281063989,0.08536585365853659,False
ES,210,d_on_high,>,0.1531198220052672,1192,0.04852609518824876,0.6098993288590604,0.13274399518044852,562,0.04418654612213697,0.608540925266904,False
ES,210,d_on_high,<,0.1531198220052672,398,-0.13905432174951604,0.2964824120603015,-0.4949479713165076,190,-0.1727113546944098,0.2894736842105263,False
ES,210,d_on_high,>,0.6298503122411454,398,0.07700708864534776,0.6055276381909548,0.15406740761751897,198,0.07731428972430567,0.5656565656565656,True
ES,210,d_on_high,<,0.6298503122411454,1192,-0.023615214658358447,0.5067114093959731,-0.08199506477164636,554,-0.042040700066262454,0.5144404332129964,False
ES,210,d_on_high,>,1.0086059953376467,159,0.08120297287130696,0.559748427672956,0.14083143180427013,86,0.09046075776179172,0.5581395348837209,False
ES,210,d_on_high,<,1.0086059953376467,1431,-0.007275882095354761,0.5283018867924528,-0.022666618678009707,666,-0.02366658204025671,0.524024024024024,False
ES,210,d_on_low,>,-1.1950606800605779,1431,0.0248163247997701,0.5415793151642209,0.08095762741765614,683,0.026270705118416754,0.5431918008784773,False
ES,210,d_on_low,<,-1.1950606800605779,159,-0.2076268891848168,0.44025157232704404,-0.3400750009093429,69,-0.3757276821329785,0.37681159420289856,False
ES,210,d_on_low,>,-0.7859553800874164,1192,0.03827584644543215,0.5595637583892618,0.12918823613218255,573,0.024624831763324626,0.525305410122164,False
ES,210,d_on_low,<,-0.7859553800874164,398,-0.10835508430871854,0.4472361809045226,-0.2275353092374253,179,-0.12342093336135132,0.5363128491620112,False
ES,210,d_on_low,>,-0.2039215806310005,398,0.16916712082586816,0.7537688442211056,0.5888818292193067,202,0.15490525230551164,0.6881188118811881,True
ES,210,d_on_low,<,-0.2039215806310005,1192,-0.0543867690273577,0.45721476510067116,-0.15158238964242116,550,-0.07140578079456406,0.4690909090909091,False
ES,210,d_on_low,>,-0.011699214854303653,159,0.29546407774769534,0.8805031446540881,0.9304534103167142,81,0.2766057975784681,0.8765432098765432,False
ES,210,d_on_low,<,-0.011699214854303653,1431,-0.031082671526064587,0.49266247379454925,-0.0902015756916213,671,-0.045286718442850656,0.4858420268256334,False
ES,210,d_on_mid,>,-0.508491606745549,1431,0.02549217049520288,0.5513626834381551,0.07848035792759282,684,0.026672515105811548,0.554093567251462,False
ES,210,d_on_mid,<,-0.508491606745549,159,-0.21370950044371176,0.3522012578616352,-0.41486069707322304,68,-0.3856811588775291,0.2647058823529412,False
ES,210,d_on_mid,>,-0.28954120115490145,1192,0.0429610209765985,0.5771812080536913,0.1308078168319453,561,0.04478329075283579,0.5614973262032086,False
ES,210,d_on_mid,<,-0.28954120115490145,398,-0.12238706431160873,0.3944723618090452,-0.30394339073945026,191,-0.1733285056734961,0.4293193717277487,False
ES,210,d_on_mid,>,0.1663573185392416,398,0.13245265032635228,0.678391959798995,0.35398835752664704,201,0.10969554303664997,0.5920398009950248,True
ES,210,d_on_mid,<,0.1663573185392416,1192,-0.04212807837399586,0.4823825503355705,-0.12452334282214278,551,-0.05450294486690295,0.5045372050816697,False
ES,210,d_on_mid,>,0.4162933148331999,159,0.20117331832318414,0.7232704402515723,0.45464251362882996,86,0.2409926532128335,0.7325581395348837,False
ES,210,d_on_mid,<,0.4162933148331999,1431,-0.020605920478896672,0.5101327742837177,-0.061029471195615095,666,-0.04310463460600685,0.5015015015015015,False
ES,210,d_vwap,>,-0.31050221811860534,1431,0.0019667154574898424,0.5248078266946191,0.005704690186960159,679,-0.010250467990288878,0.5287187039764359,False
ES,210,d_vwap,<,-0.31050221811860534,159,-0.001980405104294468,0.5911949685534591,-0.004468909001312048,73,-0.014003434327270302,0.5205479452054794,False
ES,210,d_vwap,>,-0.1720296686827565,1192,-0.006019836623753717,0.5243288590604027,-0.01698341806343087,552,-0.020032344369532495,0.5163043478260869,False
ES,210,d_vwap,<,-0.1720296686827565,398,0.024309373526632087,0.5527638190954773,0.06776739769286379,200,0.015377678103425297,0.56,False
ES,210,d_vwap,>,0.09796825321341676,398,-0.02016384163212736,0.5150753768844221,-0.0472226785040302,221,-0.015924554865474932,0.502262443438914,False
ES,210,d_vwap,<,0.09796825321341676,1192,0.00882944159200657,0.5369127516778524,0.026895130134548535,531,-0.00840488106596407,0.5386064030131826,False
ES,210,d_vwap,>,0.2764499983025525,159,-0.04632011271956828,0.4968553459119497,-0.09566515597677282,79,-0.0017909252012878773,0.4936708860759494,False
ES,210,d_vwap,<,0.2764499983025525,1431,0.006893349636964708,0.5352900069881202,0.020383398657784713,673,-0.011650572630601989,0.5319465081723626,False
ES,210,on_position,>,0.012631357713324937,1431,-0.03151965380448271,0.49266247379454925,-0.09161004084224915,672,-0.04477770500088331,0.48660714285714285,False
ES,210,on_position,<,0.012631357713324937,159,0.29939691825345843,0.8805031446540881,0.9396368939764284,80,0.2763537411162088,0.875,False
ES,210,on_position,>,0.2842664092664092,1192,-0.05342182438685475,0.46140939597315433,-0.15165124746174355,544,-0.059692066604654814,0.49264705882352944,False
ES,210,on_position,<,0.2842664092664092,398,0.166277135872402,0.7412060301507538,0.5318911279074485,208,0.11774118154632375,0.6201923076923077,True
ES,210,on_position,>,0.8179374389051809,398,-0.14434714847065486,0.32160804020100503,-0.44760131895112043,187,-0.1993369334786681,0.32620320855614976,False
ES,210,on_position,<,0.8179374389051809,1192,0.050293330955877326,0.6015100671140939,0.14247748357960716,565,0.051847235556131084,0.5946902654867257,True
ES,210,on_position,>,1.0,0,,,,0,,,False
ES,210,on_position,<,1.0,1423,0.0317038935124107,0.5804638088545326,0.09179148665735316,668,0.023942998725384548,0.5838323353293413,False
ES,210,gap_atr,>,-0.5359061066129852,1431,-7.162636876579063e-05,0.5269042627533194,-0.00021535868823052484,681,-0.00311444923143149,0.540381791483113,False
ES,210,gap_atr,<,-0.5359061066129852,159,0.016364671332006232,0.5723270440251572,0.031452056965321024,69,-0.0849936187647038,0.4057971014492754,False
ES,210,gap_atr,>,-0.21276411172570173,1192,-0.0014138461041179639,0.5234899328859061,-0.004283270964603989,573,-0.00598725128538108,0.5427574171029669,False
ES,210,gap_atr,<,-0.21276411172570173,398,0.010514547648728027,0.5552763819095478,0.02483095588589209,177,-0.02573335951890424,0.480225988700565,False
ES,210,gap_atr,>,0.3259368335533665,398,-0.0013726673215610965,0.5175879396984925,-0.004017426378550708,179,-0.01108138956673328,0.6033519553072626,False
ES,210,gap_atr,<,0.3259368335533665,1192,0.0025552072164987086,0.5360738255033557,0.0070911746923875175,571,-0.010511262502494128,0.5043782837127846,False
ES,210,gap_atr,>,0.579409705802405,159,0.032582169743046195,0.5660377358490566,0.09302741135537695,76,-0.07693952273518194,0.5263157894736842,False
ES,210,gap_atr,<,0.579409705802405,1431,-0.0018735706366591247,0.527603074772886,-0.0052597947566962325,674,-0.0031722491001418044,0.5281899109792285,False
ES,210,atr_pctile,>,0.34623766064444034,1431,0.0009848620343837532,0.5269042627533194,0.0027850305851468324,752,-0.010614785201192658,0.5279255319148937,False
ES,210,atr_pctile,<,0.34623766064444034,159,0.006856275703660311,0.5723270440251572,0.018305691394177655,0,,,False
ES,210,atr_pctile,>,0.5794913783450901,1192,0.006887202719429833,0.5343959731543624,0.01929725926748301,581,0.007514902673654658,0.53184165232358,False
ES,210,atr_pctile,<,0.5794913783450901,398,-0.014346885008731708,0.5226130653266332,-0.040773773795708027,171,-0.07221331534906571,0.5146198830409356,False
ES,210,atr_pctile,>,0.9000561190360642,398,-0.02552022484036177,0.49246231155778897,-0.06893582652116818,104,0.018638708639167438,0.5096153846153846,False
ES,210,atr_pctile,<,0.9000561190360642,1192,0.010617898401467388,0.5444630872483222,0.030305913736047914,648,-0.015309790385447981,0.5308641975308642,False
ES,210,atr_pctile,>,0.9551350978770334,159,0.02499569571825633,0.5471698113207547,0.07076165919206417,54,0.055776846634976986,0.5555555555555556,False
ES,210,atr_pctile,<,0.9551350978770334,1431,-0.0010306290783491379,0.5296995108315863,-0.0028954258791424603,698,-0.015751100558145617,0.5257879656160458,False
ES,210,ret_5m,>,-0.0006331197618477003,1431,0.0012351818270609166,0.5296995108315863,0.0036689747348634828,667,-0.015362462469673072,0.5262368815592204,False
ES,210,ret_5m,<,-0.0006331197618477003,159,0.0046033975695658185,0.5471698113207547,0.009275108869403739,84,0.024996241316364205,0.5357142857142857,False
ES,210,ret_5m,>,-0.00022659838663410814,1192,0.0006066947474710307,0.5276845637583892,0.001832567470984105,526,-0.009029182812337284,0.5228136882129277,False
ES,210,ret_5m,<,-0.00022659838663410814,398,0.004463078565577061,0.542713567839196,0.010594488012633532,225,-0.015101013499590818,0.5377777777777778,False
ES,210,ret_5m,>,0.00034111212431908733,398,-0.0062579965358967446,0.5125628140703518,-0.01737650225999076,157,-0.02158306802369257,0.4713375796178344,False
ES,210,ret_5m,<,0.00034111212431908733,1192,0.00418638257497655,0.537751677852349,0.011817290687262243,594,-0.008011004237336049,0.5420875420875421,False
ES,210,ret_5m,>,0.0006781155873944346,159,-0.003946321061153073,0.4716981132075472,-0.011069087074384133,73,0.012640036372898735,0.4657534246575342,False
ES,210,ret_5m,<,0.0006781155873944346,1431,0.0021851505638074632,0.5380852550663872,0.006143596990362598,678,-0.013377287392210849,0.5339233038348082,False
ES,210,ret_15m,>,-0.00122647876843186,1431,0.004480442140958701,0.5338923829489868,0.013222275095435828,671,-0.006327932764811398,0.5320417287630402,False
ES,210,ret_15m,<,-0.00122647876843186,159,-0.024603945255514195,0.5094339622641509,-0.051067276515273465,80,-0.048762941393861246,0.4875,False
ES,210,ret_15m,>,-0.00045011754343915467,1192,0.0029879934222988374,0.5310402684563759,0.008904432058646723,549,-0.0009730891286088781,0.5336976320582878,False
ES,210,ret_15m,<,-0.00045011754343915467,398,-0.0026688511339072163,0.5326633165829145,-0.00650259525737699,202,-0.0376873874509459,0.5099009900990099,False
ES,210,ret_15m,>,0.0005152043083906377,398,0.015306115327364537,0.542713567839196,0.04109110571018141,225,-0.009719945933044712,0.49777777777777776,False
ES,210,ret_15m,<,0.0005152043083906377,1192,-0.00301371517802512,0.5276845637583892,-0.008613198036194855,526,-0.011330970269510047,0.5399239543726235,False
ES,210,ret_15m,>,0.001137376761858811,159,0.04064099760598873,0.5220125786163522,0.10204466609079373,87,-0.0014178887266115508,0.45977011494252873,False
ES,210,ret_15m,<,0.001137376761858811,1431,-0.0027689959547638502,0.5324947589098532,-0.00790042019135828,664,-0.012083918490183943,0.536144578313253,False
ES,210,ret_30m,>,-0.0016905273053176352,1431,0.0016876043551364306,0.5338923829489868,0.0049218640959395234,667,-0.0045114317285735095,0.5352323838080959,False
ES,210,ret_30m,<,-0.0016905273053176352,159,0.0005315948168862508,0.5094339622641509,0.0011654149089218027,84,-0.06116610992546208,0.4642857142857143,False
ES,210,ret_30m,>,-0.0005932499641538302,1192,-0.0019287910666651758,0.5260067114093959,-0.005650421719327348,538,9.715254340676008e-05,0.5315985130111525,False
ES,210,ret_30m,<,-0.0005932499641538302,398,0.012056794873241277,0.5477386934673367,0.030470489897543595,213,-0.03849458340399148,0.5164319248826291,False
ES,210,ret_30m,>,0.0007814790110334258,398,0.024527796992808302,0.542713567839196,0.0639611070370379,214,0.032128199834033554,0.5420560747663551,False
ES,210,ret_30m,<,0.0007814790110334258,1192,-0.006092766606587722,0.5276845637583892,-0.01762454924640874,537,-0.027974884471472117,0.521415270018622,False
ES,210,ret_30m,>,0.0017640234169021174,159,0.03236310343030602,0.5408805031446541,0.07715169417860974,62,0.06637546600744876,0.5645161290322581,False
ES,210,ret_30m,<,0.0017640234169021174,1431,-0.0018492299352435482,0.5303983228511531,-0.005316236465524989,689,-0.01779732523825714,0.5239477503628447,False
ES,210,ret_60m,>,-0.0027550992530429807,1431,0.004957960118328454,0.5373864430468204,0.014414487806916397,684,-0.009080449665193684,0.5292397660818714,False
ES,210,ret_60m,<,-0.0027550992530429807,159,-0.028901607051842,0.4779874213836478,-0.06457276718808813,67,-0.028896277995595073,0.5074626865671642,False
ES,210,ret_60m,>,-0.0009905148229710226,1192,-0.0017761899416841938,0.5293624161073825,-0.005401457199553074,558,-0.011553876321876733,0.53584229390681,False
ES,210,ret_60m,<,-0.0009905148229710226,398,0.011599758338122365,0.5376884422110553,0.02720896399656281,193,-0.008808368959016225,0.5025906735751295,False
ES,210,ret_60m,>,0.0011672019320613236,398,0.006780516232679327,0.542713567839196,0.018287038270094848,212,0.00030771489946237963,0.5424528301886793,False
ES,210,ret_60m,<,0.0011672019320613236,1192,-0.0001670805809741885,0.5276845637583892,-0.0004765528172570147,539,-0.015236203627798463,0.5213358070500927,False
ES,210,ret_60m,>,0.0023890072493603764,159,-0.009731629893935924,0.5471698113207547,-0.023174811427108782,76,0.06048985312656672,0.5657894736842105,False
ES,210,ret_60m,<,0.0023890072493603764,1431,0.002827962656338893,0.5296995108315863,0.008127929660062417,675,-0.018880454865653953,0.522962962962963,False
ES,210,rel_volume,>,0.6744562558800057,1431,-0.0006373550333274621,0.5303983228511531,-0.0017416211790218115,679,-0.013446108498903101,0.5272459499263623,False
ES,210,rel_volume,<,0.6744562558800057,159,0.021456229313061268,0.5408805031446541,0.08790030944016619,73,0.01572039999257977,0.5342465753424658,False
ES,210,rel_volume,>,0.7990461422791715,1192,-0.0007833045430512483,0.5369127516778524,-0.0020277159344315675,578,-0.01577908384203544,0.5259515570934256,False
ES,210,rel_volume,<,0.7990461422791715,398,0.008626091516086003,0.5150753768844221,0.03565381395117708,174,0.00654018384712419,0.5344827586206896,False
ES,210,rel_volume,>,1.1787646958897446,398,0.0063080041913319085,0.5452261306532663,0.012699117356893342,213,-0.01908230443576804,0.4788732394366197,False
ES,210,rel_volume,<,1.1787646958897446,1192,-9.312298712210769e-06,0.5268456375838926,-3.1661924416670965e-05,539,-0.007268622683633185,0.5473098330241187,False
ES,210,rel_volume,>,1.4910076383701132,159,0.029589832908572658,0.5723270440251572,0.04909838600091229,58,-0.045417627434900146,0.46551724137931033,False
ES,210,rel_volume,<,1.4910076383701132,1431,-0.001541088766162062,0.5269042627533194,-0.004865376127965801,694,-0.007706190317107594,0.5331412103746398,False
ES,210,upbars10,>,2.0,1390,0.004173234732016855,0.5258992805755396,0.011846655424060841,701,-0.00574174771553693,0.5320970042796006,False
ES,210,upbars10,<,2.0,42,0.06047367806344585,0.6666666666666666,0.18334788795484508,14,0.0142771761563401,0.5714285714285714,False
ES,210,upbars10,>,3.0,1084,0.0011384244731535544,0.5304428044280443,0.0030923126329255968,585,0.0005133866920481691,0.535042735042735,False
ES,210,upbars10,<,3.0,200,-0.016506554347091414,0.57,-0.043578200581827396,51,-0.0775951631903038,0.47058823529411764,False
ES,210,upbars10,>,5.0,332,-0.0015766069362460986,0.5271084337349398,-0.004270299807776805,242,0.00035711554084978794,0.5371900826446281,False
ES,210,upbars10,<,5.0,914,0.0039228665963183685,0.5404814004376368,0.011107520075400695,339,-0.03278599345133016,0.5191740412979351,False
ES,210,upbars10,>,6.0,111,0.01835300757487631,0.5315315315315315,0.047865616073923915,106,-0.019929163410818726,0.4716981132075472,False
ES,210,upbars10,<,6.0,1258,0.002402956208997492,0.5325914149443561,0.0068238706582776166,510,-0.01582105967094614,0.5235294117647059,False
ES,210,ib_ratio,>,0.24556797740856073,1431,0.0033254716338447926,0.5345911949685535,0.009101329874103866,645,-0.01713512684209093,0.5317829457364341,False
ES,210,ib_ratio,<,0.24556797740856073,159,-0.014209210691489026,0.5031446540880503,-0.05637282693009161,107,0.0286900779612315,0.5046728971962616,False
ES,210,ib_ratio,>,0.31211440573915483,1192,0.005846465258420384,0.537751677852349,0.015213390641068,555,-0.028668863665504644,0.5171171171171172,False
ES,210,ib_ratio,<,0.31211440573915483,398,-0.011229902462190841,0.5125628140703518,-0.0447375219529305,197,0.040248227731259904,0.5583756345177665,False
ES,210,ib_ratio,>,0.5696120405260732,398,0.009273239811632075,0.5477386934673367,0.01951969455808688,183,-0.0064962164009930885,0.4918032786885246,False
ES,210,ib_ratio,<,0.5696120405260732,1192,-0.0009993825813292146,0.5260067114093959,-0.003268269137526675,569,-0.011939386414613614,0.539543057996485,False
ES,210,ib_ratio,>,0.7796423428653282,159,-0.02310854530684392,0.5283018867924528,-0.039430468434580306,66,0.018342062189003527,0.5909090909090909,False
ES,210,ib_ratio,<,0.7796423428653282,1431,0.0043142865911064456,0.5317959468902865,0.013473539882641373,686,-0.013400720955934566,0.521865889212828,False
ES,210,or30_range,>,4.5,1428,-9.070989793719446e-05,0.5301120448179272,-0.00025237298665742834,750,-0.010099991620695949,0.528,False
ES,210,or30_range,<,4.5,128,0.02731141615903129,0.5390625,0.08386620763737877,2,-0.20366237788746006,0.5,False
ES,210,or30_range,>,6.5,1188,-0.0032381943531870684,0.5269360269360269,-0.008643050974178449,733,-0.01119925128883539,0.529331514324693,False
ES,210,or30_range,<,6.5,372,0.014488638247174924,0.5456989247311828,0.04929082304562901,13,-0.02238690626581686,0.46153846153846156,False
ES,210,or30_range,>,19.25,397,0.011462528275440552,0.5264483627204031,0.027819889998694173,279,0.006484971395328086,0.5448028673835126,False
ES,210,or30_range,<,19.25,1184,-0.0011958074812685646,0.535472972972973,-0.0035591050237596855,468,-0.019033139776716224,0.5192307692307693,False
ES,210,or30_range,>,29.5,158,0.008687306986596671,0.5063291139240507,0.019231324862115918,117,0.04330115710000132,0.5384615384615384,False
ES,210,or30_range,<,29.5,1429,0.0009306256024679396,0.5339398180545836,0.002707837715879114,631,-0.019774115781124597,0.526148969889065,False
ES,210,pd_return,>,-0.01149907397288642,1431,0.0024932753939941317,0.5345911949685535,0.0074597179956755015,685,-0.01231658035086984,0.5328467153284672,False
ES,210,pd_return,<,-0.01149907397288642,159,-0.006719444532833082,0.5031446540880503,-0.013153080340838412,63,0.006494730306423713,0.47619047619047616,False
ES,210,pd_return,>,-0.003631651631795213,1192,-0.0068861107859802834,0.5260067114093959,-0.021135388808523878,564,-0.015370882673613721,0.5230496453900709,False
ES,210,pd_return,<,-0.003631651631795213,398,0.026903842876818188,0.5477386934673367,0.06221999347094333,184,0.00348634943954888,0.5434782608695652,False
ES,210,pd_return,>,0.005777007346851382,398,-0.01417630609032211,0.5100502512562815,-0.04928798381498935,187,0.0027786671744532603,0.49732620320855614,False
ES,210,pd_return,<,0.005777007346851382,1192,0.006830247677880321,0.5385906040268457,0.018184937997345597,561,-0.015235829398687891,0.5383244206773619,False
ES,210,pd_return,>,0.01203513523343918,159,-0.031885763478844545,0.5345911949685535,-0.10556420503907442,60,-0.046062333470910245,0.45,False
ES,210,pd_return,<,0.01203513523343918,1431,0.005289533054662072,0.5310971348707197,0.014651574640551324,688,-0.007651089422654839,0.5348837209302325,False
ES,210,on_range_atr,>,0.4693020478782456,1431,0.0011655416951096365,0.5352900069881202,0.0031464117596518293,641,-0.011414913535357629,0.5382215288611545,False
ES,210,on_range_atr,<,0.4693020478782456,159,0.005230158757127386,0.4968553459119497,0.030120548500812257,111,-0.005994224280474194,0.46846846846846846,False
ES,210,on_range_atr,>,0.6236128817337938,1192,-0.002954717258805551,0.5343959731543624,-0.0074758541586251665,527,-0.020453311818691866,0.5332068311195446,False
ES,210,on_range_atr,<,0.6236128817337938,398,0.015129418041661713,0.5226130653266332,0.07822716164166585,225,0.012429230476238805,0.5155555555555555,False
ES,210,on_range_atr,>,1.2097521215168274,398,-0.041253719457784395,0.5175879396984925,-0.076391647572834,177,-0.07314715149114523,0.5141242937853108,False
ES,210,on_range_atr,<,1.2097521215168274,1192,0.01587119610090883,0.5360738255033557,0.05967596988885924,575,0.00863430842197535,0.5321739130434783,False
ES,210,on_range_atr,>,1.6724349597680657,159,-0.11803131861769164,0.46540880503144655,-0.17332125534130965,71,-0.2318830817958046,0.4647887323943662,False
ES,210,on_range_atr,<,1.6724349597680657,1431,0.014861261403422858,0.5387840670859538,0.050226551980399534,681,0.01245430299002239,0.5345080763582967,False
ES,270,ALL,,,1576,0.005499803652205289,0.5291878172588832,0.0185823801621988,744,-0.017140239108385556,0.5174731182795699,False
ES,270,d_pdh,>,-0.5484468575727346,1418,0.007450443765765634,0.5352609308885754,0.024638505172205588,676,-0.023415770504461454,0.5059171597633136,False
ES,270,d_pdh,<,-0.5484468575727346,158,-0.01200657407582363,0.47468354430379744,-0.052087695991538646,66,0.0528569689572468,0.6363636363636364,False
ES,270,d_pdh,>,-0.15152591302753976,1182,0.004816212545599495,0.5313028764805414,0.015480069613017441,566,-0.02752819650180341,0.49469964664310956,False
ES,270,d_pdh,<,-0.15152591302753976,394,0.00755057697202268,0.5228426395939086,0.030782281228871302,176,0.01841169494422202,0.5909090909090909,False
ES,270,d_pdh,>,0.7872300846112625,394,0.020569149021744778,0.5532994923857868,0.0535974591417847,188,-0.04035443839141114,0.4574468085106383,False
ES,270,d_pdh,<,0.7872300846112625,1182,0.000476688529025458,0.5211505922165821,0.001831925866154138,554,-0.00858098644810895,0.5379061371841155,False
ES,270,d_pdh,>,1.4177787532923618,158,0.011336272341971406,0.5822784810126582,0.02332938448897204,62,-0.026302047927950118,0.43548387096774194,False
ES,270,d_pdh,<,1.4177787532923618,1418,0.00484947780383925,0.5232722143864598,0.01817430079810042,680,-0.015749667556330508,0.525,False
ES,270,d_pdl,>,-1.5284814264764945,1418,0.008809051118021532,0.5352609308885754,0.029460365821862466,677,-0.018861230745978383,0.5110782865583456,False
ES,270,d_pdl,<,-1.5284814264764945,158,-0.024199645123284784,0.47468354430379744,-0.0909364278049618,65,0.006593112387534063,0.5846153846153846,False
ES,270,d_pdl,>,-1.0021124496930844,1182,0.004324484945183458,0.5304568527918782,0.014215626585080124,548,-0.024889490900446988,0.5,False
ES,270,d_pdl,<,-1.0021124496930844,394,0.009025759773270785,0.5253807106598984,0.033418095205110465,194,0.0066955675443675046,0.5670103092783505,False
ES,270,d_pdl,>,-0.08797639297406733,394,0.009508192177992328,0.5431472081218274,0.026293382665628487,192,-0.015318952416677772,0.484375,False
ES,270,d_pdl,<,-0.08797639297406733,1182,0.004163674143609611,0.5245346869712352,0.015379031154861163,550,-0.017089567356064584,0.5290909090909091,False
ES,270,d_pdl,>,0.3976774116109414,158,-0.0234574812115715,0.5379746835443038,-0.05542218221875665,62,-0.04742683958655895,0.41935483870967744,False
ES,270,d_pdl,<,0.3976774116109414,1418,0.008726355844360953,0.5282087447108603,0.03136368825753423,680,-0.013823583610986763,0.5264705882352941,False
ES,270,d_pc,>,-0.8826105863310216,1418,0.0033055317798921825,0.5317348377997179,0.01099854102600095,665,-0.02108462784779678,0.5082706766917293,False
ES,270,d_pc,<,-0.8826105863310216,158,0.025192699316382412,0.5063291139240507,0.10029364425872893,77,0.02182826764866501,0.5974025974025974,False
ES,270,d_pc,>,-0.48218946332010126,1182,0.003391038861720478,0.5321489001692047,0.011227514506673949,574,-0.02136568573123894,0.5,False
ES,270,d_pc,<,-0.48218946332010126,394,0.011826098023659713,0.5203045685279187,0.04265272415031454,168,-0.00045593631015774806,0.5773809523809523,False
ES,270,d_pc,>,0.3190491085392555,394,0.016494283877557196,0.5558375634517766,0.04521378845853944,183,-0.04248936730194326,0.4262295081967213,False
ES,270,d_pc,<,0.3190491085392555,1182,0.0018349769104213222,0.5203045685279187,0.006815803776082952,559,-0.008166273154887365,0.5474060822898033,False
ES,270,d_pc,>,0.8208476561388608,158,-0.028045596817413816,0.5443037974683544,-0.06791197546335932,63,-0.06513286033634337,0.4126984126984127,False
ES,270,d_pc,<,0.8208476561388608,1418,0.009237584522585978,0.5275035260930888,0.0330061980651671,679,-0.012131267612147306,0.5272459499263623,False
ES,270,d_on_high,>,0.0,1412,0.028330218224805727,0.5743626062322946,0.09725708337796339,677,-0.003324945743963021,0.5553914327917282,False
ES,270,d_on_high,<,0.0,151,-0.195641053402511,0.1390728476821192,-0.7393869499501563,64,-0.1534725456124071,0.125,False
ES,270,d_on_high,>,0.15348765082234825,1182,0.04440385399031295,0.5989847715736041,0.1453006259612499,529,0.013291715658438615,0.5992438563327032,False
ES,270,d_on_high,<,0.15348765082234825,394,-0.11121234736211769,0.3197969543147208,-0.4867584971101752,215,-0.092017002232339,0.31627906976744186,False
ES,270,d_on_high,>,0.6296116262255634,394,0.06370797439855762,0.5888324873096447,0.15566029939840983,194,0.03714405173476599,0.5360824742268041,True
ES,270,d_on_high,<,0.6296116262255634,1182,-0.013902919929912157,0.5093062605752962,-0.056961350564690504,550,-0.036287788969424466,0.5109090909090909,False
ES,270,d_on_high,>,1.0704867467534234,158,0.0755289052956996,0.5759493670886076,0.16349521751462462,72,0.020143654097947772,0.4861111111111111,False
ES,270,d_on_high,<,1.0704867467534234,1418,-0.0023031568976339904,0.5239774330042313,-0.00851784736956276,672,-0.021134941951921265,0.5208333333333334,False
ES,270,d_on_low,>,-1.2152060325377034,1418,0.020393492644853878,0.5380818053596615,0.07823708116929215,681,-0.00042918842039519847,0.5168869309838473,False
ES,270,d_on_low,<,-1.2152060325377034,158,-0.12816634186409662,0.44936708860759494,-0.2586480779964494,63,-0.1977787394023766,0.5238095238095238,False
ES,270,d_on_low,>,-0.7841543121313566,1182,0.033754286307965384,0.5558375634517766,0.13640335243950683,564,0.01407779072103791,0.5195035460992907,False
ES,270,d_on_low,<,-0.7841543121313566,394,-0.07926364431507499,0.44923857868020306,-0.19976717886277076,180,-0.1149567325739124,0.5111111111111111,False
ES,270,d_on_low,>,-0.20256469872838162,394,0.13979521089439415,0.7385786802030457,0.645432077086706,207,0.12219623278916619,0.6908212560386473,True
ES,270,d_on_low,<,-0.20256469872838162,1182,-0.03926533209519099,0.4593908629441624,-0.1286260888915187,537,-0.07085094615269322,0.4506517690875233,False
ES,270,d_on_low,>,-0.004067483168829868,158,0.22279367450797063,0.8417721518987342,1.001332537876816,77,0.157950317128184,0.8441558441558441,False
ES,270,d_on_low,<,-0.004067483168829868,1418,-0.018712066302104244,0.49435825105782794,-0.06379707080135492,667,-0.03735309192729988,0.47976011994003,False
ES,270,d_on_mid,>,-0.5248840725955607,1418,0.023418706842843546,0.5514809590973202,0.08447444253913705,674,0.0031511897708080346,0.5281899109792285,False
ES,270,d_on_mid,<,-0.5248840725955607,158,-0.15531668194478868,0.3291139240506329,-0.39301151543661406,70,-0.21251771145947812,0.4142857142857143,False
ES,270,d_on_mid,>,-0.2820084434697072,1182,0.03705686405781995,0.5668358714043993,0.13782207891842874,547,0.01267879287968755,0.5319926873857403,False
ES,270,d_on_mid,<,-0.2820084434697072,394,-0.0891713775646387,0.41624365482233505,-0.25547556364136764,197,-0.09993724670978651,0.47715736040609136,False
ES,270,d_on_mid,>,0.19046937227887636,394,0.10171532300118845,0.6548223350253807,0.33354553492685934,185,0.09267040357756037,0.6162162162162163,True
ES,270,d_on_mid,<,0.19046937227887636,1182,-0.026572036130789102,0.4873096446700508,-0.09293112223347687,559,-0.05348186504201703,0.4847942754919499,False
ES,270,d_on_mid,>,0.4728376174138028,158,0.16320479625209675,0.7088607594936709,0.47130037717737644,84,0.13261310691292486,0.6428571428571429,False
ES,270,d_on_mid,<,0.4728376174138028,1418,-0.012072402857514637,0.5091678420310296,-0.042419006983047375,660,-0.036199755874734146,0.5015151515151515,False
ES,270,d_vwap,>,-0.3262851406078257,1418,-0.0012402630984812138,0.5218617771509168,-0.004159332461899277,663,-0.019788548328567624,0.5158371040723982,False
ES,270,d_vwap,<,-0.3262851406078257,158,0.06598976980710061,0.5949367088607594,0.2456534563471169,81,0.004536662286438066,0.5308641975308642,False
ES,270,d_vwap,>,-0.1786932897095273,1182,0.0007383968796364785,0.5313028764805414,0.0024420379441224406,536,-0.022450512939461185,0.5093283582089553,False
ES,270,d_vwap,<,-0.1786932897095273,394,0.01978402396991172,0.5228426395939086,0.07174561368355355,208,-0.003456071928306043,0.5384615384615384,False
ES,270,d_vwap,>,0.10971423136622369,394,0.0020909842754114243,0.5329949238578681,0.005650799000837758,195,-0.03195551671633097,0.48717948717948717,False
ES,270,d_vwap,<,0.10971423136622369,1182,0.006636076777803241,0.5279187817258884,0.024860682887736893,549,-0.01187798203452516,0.5282331511839709,False
ES,270,d_vwap,>,0.3047761310995081,158,0.020769978840418625,0.5506329113924051,0.04891785941456877,83,-0.07896772628256486,0.4578313253012048,False
ES,270,d_vwap,<,0.3047761310995081,1418,0.0037983313815863153,0.5267983074753173,0.01365618119114191,661,-0.009376727103155779,0.5249621785173979,False
ES,270,on_position,>,0.004185684151728294,1418,-0.01899179027130382,0.4936530324400564,-0.06475787070920752,668,-0.04077400668589322,0.47904191616766467,False
ES,270,on_position,<,0.004185684151728294,158,0.22530410861129338,0.8481012658227848,1.0236014175792805,76,0.190588139072866,0.8552631578947368,False
ES,270,on_position,>,0.26065217391304346,1182,-0.03513270255872388,0.4686971235194585,-0.11817504131960521,553,-0.0627578982911407,0.46835443037974683,False
ES,270,on_position,<,0.26065217391304346,394,0.1273973222849928,0.7106598984771574,0.49741922518712617,191,0.11493602020084795,0.6596858638743456,True
ES,270,on_position,>,0.8271668219944082,394,-0.11574019312617907,0.3401015228426396,-0.4275088214029544,201,-0.12210840920279845,0.36318407960199006,False
ES,270,on_position,<,0.8271668219944082,1182,0.045913135911666736,0.5922165820642978,0.15666053560850354,543,0.021715381865789384,0.574585635359116,False
ES,270,on_position,>,1.0,0,,,,0,,,False
ES,270,on_position,<,1.0,1412,0.028330218224805727,0.5743626062322946,0.09725708337796339,677,-0.003324945743963021,0.5553914327917282,False
ES,270,gap_atr,>,-0.5359898632084665,1418,0.005511459928886482,0.5267983074753173,0.01956005677416686,673,-0.009043320905714334,0.5334323922734027,False
ES,270,gap_atr,<,-0.5359898632084665,158,0.005395192257686704,0.5506329113924051,0.01339673401133656,69,-0.09064269478683923,0.36231884057971014,False
ES,270,gap_atr,>,-0.21297375845542144,1182,0.002053221699337028,0.5211505922165821,0.007388542568706108,565,-0.008397319021996927,0.5415929203539823,False
ES,270,gap_atr,<,-0.21297375845542144,394,0.015839549510810073,0.5532994923857868,0.045945569976214407,177,-0.04291534272547677,0.4406779661016949,False
ES,270,gap_atr,>,0.32569987475034695,394,0.0021582513012708996,0.4847715736040609,0.007101447205219734,179,-0.006075361597955613,0.5642458100558659,False
ES,270,gap_atr,<,0.32569987475034695,1182,0.006613654435850083,0.5439932318104906,0.02254188950238288,563,-0.019987586472120067,0.5026642984014209,False
ES,270,gap_atr,>,0.5801968640271662,158,0.0227837860651121,0.5126582278481012,0.07390491943159282,75,-0.05553737785765795,0.5333333333333333,False
ES,270,gap_atr,<,0.5801968640271662,1418,0.0035739438346881684,0.5310296191819464,0.0121309155175703,667,-0.012256668021759077,0.5157421289355323,False
ES,270,atr_pctile,>,0.3469330104923325,1418,0.006356545603859415,0.5282087447108603,0.02143034929259729,744,-0.017140239108385556,0.5174731182795699,False
ES,270,atr_pctile,<,0.3469330104923325,158,-0.0021891842430197066,0.5379746835443038,-0.007524913926401434,0,,,False
ES,270,atr_pctile,>,0.5803544769156124,1182,0.007704792240148908,0.5296108291032149,0.025631920594370656,574,-0.00020585002177013917,0.5209059233449478,False
ES,270,atr_pctile,<,0.5803544769156124,394,-0.0011151621116255656,0.5279187817258884,-0.003955800499799977,170,-0.07431870578907526,0.5058823529411764,False
ES,270,atr_pctile,>,0.9013337396217946,394,-0.009296333934657378,0.5304568527918782,-0.027332034338367898,103,-0.009324106130746017,0.5339805825242718,False
ES,270,atr_pctile,<,0.9013337396217946,1182,0.010431849514492844,0.5287648054145516,0.037297679229113465,641,-0.018396185593092064,0.514820592823713,False
ES,270,atr_pctile,>,0.9551626688723462,158,0.04588918503899424,0.5886075949367089,0.13740500204291628,54,0.012178088481501979,0.6296296296296297,False
ES,270,atr_pctile,<,0.9551626688723462,1418,0.0009994353453557428,0.5225669957686883,0.0034319777234797485,690,-0.019434716919768065,0.508695652173913,False
ES,270,ret_5m,>,-0.0007105764140987736,1418,0.0018154757527409113,0.5218617771509168,0.006439813973291665,677,-0.012592785828446855,0.5214180206794683,False
ES,270,ret_5m,<,-0.0007105764140987736,158,0.03856548062334762,0.5949367088607594,0.09634273941499148,67,-0.06308987896687067,0.47761194029850745,False
ES,270,ret_5m,>,-0.0002607452887226913,1182,-0.0009569288507436677,0.511844331641286,-0.003409864410519991,547,-0.02206230890072054,0.5155393053016454,False
ES,270,ret_5m,<,-0.0002607452887226913,394,0.024870001161052157,0.5812182741116751,0.07369494258006994,197,-0.0034733752687549162,0.5228426395939086,False
ES,270,ret_5m,>,0.00026871943092404704,394,-0.021886837700724342,0.48223350253807107,-0.06653267708645244,197,-0.002138022473384708,0.5228426395939086,False
ES,270,ret_5m,<,0.00026871943092404704,1182,0.014628684103181829,0.544839255499154,0.05156687512336069,547,-0.022543231205451677,0.5155393053016454,False
ES,270,ret_5m,>,0.0006690078887944262,158,-0.034087169611620505,0.4936708860759494,-0.0791613734892899,66,-0.054337566723229605,0.4696969696969697,False
ES,270,ret_5m,<,0.0006690078887944262,1418,0.009910764001771209,0.5331452750352609,0.035802810778174196,678,-0.013519260314020209,0.5221238938053098,False
ES,270,ret_15m,>,-0.0012863509225831682,1418,7.892904750931926e-06,0.5253878702397743,2.726917284052044e-05,686,-0.011830001441608189,0.5204081632653061,False
ES,270,ret_15m,<,-0.0012863509225831682,158,0.054787964664169075,0.5632911392405063,0.1582176882263597,58,-0.07994753289130409,0.4827586206896552,False
ES,270,ret_15m,>,-0.00047477884434410367,1182,-0.002914277767149969,0.5143824027072758,-0.01008781255412592,571,-0.011949830967296187,0.51138353765324,False
ES,270,ret_15m,<,-0.00047477884434410367,394,0.030742047910271065,0.5736040609137056,0.0975037972215304,173,-0.03427158620990018,0.5375722543352601,False
ES,270,ret_15m,>,0.00047446211788343406,394,0.013948028113374365,0.5456852791878173,0.04370212028075825,215,-0.012101026564080316,0.46511627906976744,False
ES,270,ret_15m,<,0.00047446211788343406,1182,0.0026837288318155967,0.5236886632825719,0.009321398271988406,529,-0.019188312259662738,0.5387523629489603,False
ES,270,ret_15m,>,0.001119230090880552,158,-0.007283510172153888,0.5443037974683544,-0.019802495270474348,80,-0.044696479981173154,0.3875,False
ES,270,ret_15m,<,0.001119230090880552,1418,0.006924178535314421,0.5275035260930888,0.024128007784119734,664,-0.013820210087567774,0.5331325301204819,False
ES,270,ret_30m,>,-0.0019483168786422755,1418,0.003940738287350261,0.5289139633286318,0.013739446012990868,680,-0.012728848043993537,0.5176470588235295,False
ES,270,ret_30m,<,-0.0019483168786422755,158,0.019491921926663706,0.5316455696202531,0.05284285574192695,64,-0.06401126916755073,0.515625,False
ES,270,ret_30m,>,-0.000597242117473612,1182,0.0017692021682053363,0.5211505922165821,0.006331186281351192,545,-0.008792679515134422,0.5192660550458715,False
ES,270,ret_30m,<,-0.000597242117473612,394,0.016691608104205138,0.5532994923857868,0.04895982000050708,199,-0.040001646034626116,0.5125628140703518,False
ES,270,ret_30m,>,0.0007232946192540224,394,0.010002190399618756,0.5380710659898477,0.03204467858071778,214,0.0007397405753077901,0.5,False
ES,270,ret_30m,<,0.0007232946192540224,1182,0.003999008069734133,0.5262267343485617,0.013765824845712225,530,-0.024359702603310798,0.5245283018867924,False
ES,270,ret_30m,>,0.0016790400415596096,158,0.031535572651933415,0.6075949367088608,0.08022031010624049,75,-0.04970841190716279,0.38666666666666666,False
ES,270,ret_30m,<,0.0016790400415596096,1418,0.0025987800260014525,0.5204513399153737,0.009178982444831832,669,-0.013489098660092144,0.5321375186846039,False
ES,270,ret_60m,>,-0.002772745917814845,1418,0.0033089747287005497,0.5267983074753173,0.011647887754159139,671,-0.009030919683607863,0.5216095380029806,False
ES,270,ret_60m,<,-0.002772745917814845,158,0.025161799940368077,0.5506329113924051,0.06497954537965607,73,-0.09167932587586267,0.4794520547945205,False
ES,270,ret_60m,>,-0.0009474323110253702,1182,0.000928177206425632,0.5236886632825719,0.003404127959400413,554,-0.009844044194063767,0.5180505415162455,False
ES,270,ret_60m,<,-0.0009474323110253702,394,0.019214682989544252,0.5456852791878173,0.053834096280044104,190,-0.0384144074375133,0.5157894736842106,False
ES,270,ret_60m,>,0.0010538689616811925,394,0.016674367008831285,0.5431472081218274,0.056236413202820974,216,0.015748284707838015,0.5324074074074074,False
ES,270,ret_60m,<,0.0010538689616811925,1182,0.0017749491999966224,0.5245346869712352,0.006000065783699018,528,-0.03059463521502247,0.5113636363636364,False
ES,270,ret_60m,>,0.002428188045220603,158,0.02874809128257032,0.5949367088607594,0.07924914968893641,80,0.012927424122792902,0.5375,False
ES,270,ret_60m,<,0.002428188045220603,1418,0.002909373859823289,0.5218617771509168,0.01011579086783713,664,-0.02076284913623838,0.5150602409638554,False
ES,270,rel_volume,>,0.6704275667970445,1418,0.005214396423223622,0.5260930888575458,0.017204155731351197,678,-0.02093695701949663,0.5132743362831859,False
ES,270,rel_volume,<,0.6704275667970445,158,0.008061243213572402,0.5569620253164557,0.036178373944379276,66,0.02186240852393729,0.5606060606060606,False
ES,270,rel_volume,>,0.7938754529954235,1182,0.001929948959684312,0.5262267343485617,0.0060850212712866,579,-0.025385627714969917,0.5060449050086355,False
ES,270,rel_volume,<,0.7938754529954235,394,0.01620936772976823,0.5380710659898477,0.0735161098522389,165,0.01179357909290138,0.5575757575757576,False
ES,270,rel_volume,>,1.1834580421980363,394,0.02841601114475904,0.5583756345177665,0.07112405339720919,210,-0.024636238900138302,0.4857142857142857,False
ES,270,rel_volume,<,1.1834580421980363,1182,-0.0021389321786459588,0.5194585448392555,-0.008490065828113662,534,-0.014192374021741219,0.5299625468164794,False
ES,270,rel_volume,>,1.5052252481530233,158,0.0315945135269986,0.6012658227848101,0.06666808262873915,52,-0.07392463161107246,0.4423076923076923,False
ES,270,rel_volume,<,1.5052252481530233,1418,0.0025922125660153427,0.5211565585331452,0.009634103132593858,692,-0.012873203833617175,0.523121387283237,False
ES,270,upbars10,>,2.0,1370,0.00487037599259215,0.5226277372262774,0.01624596052591371,696,-0.021337775031575613,0.5158045977011494,False
ES,270,upbars10,<,2.0,34,0.020655769687985225,0.5882352941176471,0.10207382697326149,11,0.1531734691797132,0.7272727272727273,False
ES,270,upbars10,>,3.0,1039,0.0001610505961524233,0.5293551491819056,0.0005167129496147821,585,-0.02325356066095057,0.5094017094017094,False
ES,270,upbars10,<,3.0,206,0.00968580313604027,0.5728155339805825,0.03589753900685286,48,0.043724031777870265,0.5416666666666666,False
ES,270,upbars10,>,5.0,280,0.019003023612532303,0.6035714285714285,0.058290494858817196,203,0.0034044318373053595,0.4876847290640394,False
ES,270,upbars10,<,5.0,943,0.009947265831588678,0.5217391304347826,0.03704780617270304,357,-0.010851871307038678,0.5406162464985994,False
ES,270,upbars10,>,6.0,76,-0.014779334133101688,0.618421052631579,-0.03193991969214055,75,-0.023775023188310547,0.41333333333333333,False
ES,270,upbars10,<,6.0,1296,0.002582441315097602,0.5131172839506173,0.008931974191874666,541,-0.024849237633293605,0.5286506469500925,False
ES,270,ib_ratio,>,0.24663475566926818,1418,0.006582552712371313,0.5317348377997179,0.021871130130921436,639,-0.027882367940445605,0.514866979655712,False
ES,270,ib_ratio,<,0.24663475566926818,158,-0.0042175265206771334,0.5063291139240507,-0.01706157655695851,105,0.04823328778386562,0.5333333333333333,False
ES,270,ib_ratio,>,0.31402956741831567,1182,0.008245103843228808,0.5321489001692047,0.026272933869310917,546,-0.03963374864040866,0.5018315018315018,False
ES,270,ib_ratio,<,0.31402956741831567,394,-0.002736096920865266,0.5203045685279187,-0.011665868398050522,198,0.044887317479920585,0.5606060606060606,False
ES,270,ib_ratio,>,0.5702049774063105,394,0.018839370662176107,0.5431472081218274,0.052055115142665954,183,-0.028319750867675162,0.4918032786885246,False
ES,270,ib_ratio,<,0.5702049774063105,1182,0.0010532813155483473,0.5245346869712352,0.003894208438944794,561,-0.013493446502414084,0.5258467023172906,False
ES,270,ib_ratio,>,0.779688784010977,158,0.022850693518360093,0.5886075949367089,0.05141867520927175,66,-0.02048785456652588,0.5454545454545454,False
ES,270,ib_ratio,<,0.779688784010977,1418,0.0035664887023798626,0.5225669957686883,0.012984460393646613,678,-0.01681436503723915,0.5147492625368731,False
ES,270,or30_range,>,4.75,1390,0.006584074503729565,0.5309352517985612,0.022061972189409054,740,-0.016592381773564598,0.518918918918919,False
ES,270,or30_range,<,4.75,157,0.0008509545795793895,0.5222929936305732,0.002956277245414755,2,-0.12447020653802249,0.5,False
ES,270,or30_range,>,6.75,1168,0.0037046637898814397,0.5282534246575342,0.011971191175586298,724,-0.01890909782954925,0.5165745856353591,False
ES,270,or30_range,<,6.75,393,0.007519669081228781,0.5267175572519084,0.029523188221472145,18,0.05558200847662961,0.5555555555555556,False
ES,270,or30_range,>,19.5,389,0.032368740163660877,0.5861182519280206,0.09455145028903486,274,-0.00835488878410759,0.5291970802919708,False
ES,270,or30_range,<,19.5,1181,-0.0032382482618368274,0.5114309906858594,-0.011593272542955047,466,-0.022569010498795776,0.5085836909871244,False
ES,270,or30_range,>,29.5,156,0.035969892126649285,0.6153846153846154,0.09863078970726373,117,-0.010623570827243875,0.5213675213675214,False
ES,270,or30_range,<,29.5,1417,0.001942863906987809,0.5194071983062809,0.0067568062957575024,623,-0.01735415064421454,0.5184590690208668,False
ES,270,pd_return,>,-0.01158504634800367,1418,0.0020559963955846926,0.5260930888575458,0.007427991721865945,677,-0.01828173690957354,0.5214180206794683,False
ES,270,pd_return,<,-0.01158504634800367,158,0.03640688396795215,0.5569620253164557,0.08436469144193001,63,0.002105108687271725,0.47619047619047616,False
ES,270,pd_return,>,-0.003667667162535637,1182,-0.003210128092634219,0.5177664974619289,-0.01177919628036246,558,-0.013449897985535086,0.5161290322580645,False
ES,270,pd_return,<,-0.003667667162535637,394,0.03162959888672382,0.5634517766497462,0.08876946128219768,182,-0.026038851453596662,0.521978021978022,False
ES,270,pd_return,>,0.0059151426944309415,394,-0.008850313481750787,0.5177664974619289,-0.035477229000353445,181,-0.006002085966429529,0.49171270718232046,False
ES,270,pd_return,<,0.0059151426944309415,1182,0.010283176030190648,0.5329949238578681,0.03318522768444826,559,-0.01996017259491847,0.5259391771019678,False
ES,270,pd_return,>,0.012110721428145621,158,-0.026550832826614044,0.4873417721518987,-0.09734636565520237,59,-0.032213126242147776,0.4067796610169492,False
ES,270,pd_return,<,0.012110721428145621,1418,0.009071031130099123,0.5338504936530324,0.030406964061030987,681,-0.015188751236705506,0.527165932452276,False
ES,270,on_range_atr,>,0.47342863770647803,1418,0.004205184805999697,0.5275035260930888,0.013650080571037348,640,-0.018618502718059406,0.53125,False
ES,270,on_range_atr,<,0.47342863770647803,158,0.017118598107392195,0.5443037974683544,0.11533568248031435,104,-0.008043232279623409,0.4326923076923077,False
ES,270,on_range_atr,>,0.627339395206243,1182,0.0023685808209281856,0.5236886632825719,0.007234684612701283,524,-0.02359994384785922,0.5343511450381679,False
ES,270,on_range_atr,<,0.627339395206243,394,0.014893472146036597,0.5456852791878173,0.08770298636586278,220,-0.001754396910730106,0.4772727272727273,False
ES,270,on_range_atr,>,1.213448275862069,394,-0.021952066594065785,0.5203045685279187,-0.05145708666776144,175,-0.08392891664449538,0.49142857142857144,False
ES,270,on_range_atr,<,1.213448275862069,1182,0.01465042706762898,0.5321489001692047,0.061951537326680295,569,0.003401094052983897,0.5254833040421792,False
ES,270,on_range_atr,>,1.6745107568455737,158,-0.0964835655857347,0.47468354430379744,-0.1791932185082008,71,-0.2214182432102249,0.4084507042253521,False
ES,270,on_range_atr,<,1.6745107568455737,1418,0.016863253821171806,0.5352609308885754,0.06668148924639301,673,0.004410635024200764,0.5289747399702823,False
GC,30,ALL,,,0,,,,773,0.022464560995780015,0.5226390685640362,False
GC,30,d_pdh,>,,0,,,,0,,,False
GC,30,d_pdh,<,,0,,,,0,,,False
GC,30,d_pdh,>,,0,,,,0,,,False
GC,30,d_pdh,<,,0,,,,0,,,False
GC,30,d_pdh,>,,0,,,,0,,,False
GC,30,d_pdh,<,,0,,,,0,,,False
GC,30,d_pdh,>,,0,,,,0,,,False
GC,30,d_pdh,<,,0,,,,0,,,False
GC,30,d_pdl,>,,0,,,,0,,,False
GC,30,d_pdl,<,,0,,,,0,,,False
GC,30,d_pdl,>,,0,,,,0,,,False
GC,30,d_pdl,<,,0,,,,0,,,False
GC,30,d_pdl,>,,0,,,,0,,,False
GC,30,d_pdl,<,,0,,,,0,,,False
GC,30,d_pdl,>,,0,,,,0,,,False
GC,30,d_pdl,<,,0,,,,0,,,False
GC,30,d_pc,>,,0,,,,0,,,False
GC,30,d_pc,<,,0,,,,0,,,False
GC,30,d_pc,>,,0,,,,0,,,False
GC,30,d_pc,<,,0,,,,0,,,False
GC,30,d_pc,>,,0,,,,0,,,False
GC,30,d_pc,<,,0,,,,0,,,False
GC,30,d_pc,>,,0,,,,0,,,False
GC,30,d_pc,<,,0,,,,0,,,False
GC,30,d_on_high,>,,0,,,,0,,,False
GC,30,d_on_high,<,,0,,,,0,,,False
GC,30,d_on_high,>,,0,,,,0,,,False
GC,30,d_on_high,<,,0,,,,0,,,False
GC,30,d_on_high,>,,0,,,,0,,,False
GC,30,d_on_high,<,,0,,,,0,,,False
GC,30,d_on_high,>,,0,,,,0,,,False
GC,30,d_on_high,<,,0,,,,0,,,False
GC,30,d_on_low,>,,0,,,,0,,,False
GC,30,d_on_low,<,,0,,,,0,,,False
GC,30,d_on_low,>,,0,,,,0,,,False
GC,30,d_on_low,<,,0,,,,0,,,False
GC,30,d_on_low,>,,0,,,,0,,,False
GC,30,d_on_low,<,,0,,,,0,,,False
GC,30,d_on_low,>,,0,,,,0,,,False
GC,30,d_on_low,<,,0,,,,0,,,False
GC,30,d_on_mid,>,,0,,,,0,,,False
GC,30,d_on_mid,<,,0,,,,0,,,False
GC,30,d_on_mid,>,,0,,,,0,,,False
GC,30,d_on_mid,<,,0,,,,0,,,False
GC,30,d_on_mid,>,,0,,,,0,,,False
GC,30,d_on_mid,<,,0,,,,0,,,False
GC,30,d_on_mid,>,,0,,,,0,,,False
GC,30,d_on_mid,<,,0,,,,0,,,False
GC,30,d_vwap,>,,0,,,,0,,,False
GC,30,d_vwap,<,,0,,,,0,,,False
GC,30,d_vwap,>,,0,,,,0,,,False
GC,30,d_vwap,<,,0,,,,0,,,False
GC,30,d_vwap,>,,0,,,,0,,,False
GC,30,d_vwap,<,,0,,,,0,,,False
GC,30,d_vwap,>,,0,,,,0,,,False
GC,30,d_vwap,<,,0,,,,0,,,False
GC,30,on_position,>,,0,,,,0,,,False
GC,30,on_position,<,,0,,,,0,,,False
GC,30,on_position,>,,0,,,,0,,,False
GC,30,on_position,<,,0,,,,0,,,False
GC,30,on_position,>,,0,,,,0,,,False
GC,30,on_position,<,,0,,,,0,,,False
GC,30,on_position,>,,0,,,,0,,,False
GC,30,on_position,<,,0,,,,0,,,False
GC,30,gap_atr,>,,0,,,,0,,,False
GC,30,gap_atr,<,,0,,,,0,,,False
GC,30,gap_atr,>,,0,,,,0,,,False
GC,30,gap_atr,<,,0,,,,0,,,False
GC,30,gap_atr,>,,0,,,,0,,,False
GC,30,gap_atr,<,,0,,,,0,,,False
GC,30,gap_atr,>,,0,,,,0,,,False
GC,30,gap_atr,<,,0,,,,0,,,False
GC,30,atr_pctile,>,,0,,,,0,,,False
GC,30,atr_pctile,<,,0,,,,0,,,False
GC,30,atr_pctile,>,,0,,,,0,,,False
GC,30,atr_pctile,<,,0,,,,0,,,False
GC,30,atr_pctile,>,,0,,,,0,,,False
GC,30,atr_pctile,<,,0,,,,0,,,False
GC,30,atr_pctile,>,,0,,,,0,,,False
GC,30,atr_pctile,<,,0,,,,0,,,False
GC,30,ret_5m,>,,0,,,,0,,,False
GC,30,ret_5m,<,,0,,,,0,,,False
GC,30,ret_5m,>,,0,,,,0,,,False
GC,30,ret_5m,<,,0,,,,0,,,False
GC,30,ret_5m,>,,0,,,,0,,,False
GC,30,ret_5m,<,,0,,,,0,,,False
GC,30,ret_5m,>,,0,,,,0,,,False
GC,30,ret_5m,<,,0,,,,0,,,False
GC,30,ret_15m,>,,0,,,,0,,,False
GC,30,ret_15m,<,,0,,,,0,,,False
GC,30,ret_15m,>,,0,,,,0,,,False
GC,30,ret_15m,<,,0,,,,0,,,False
GC,30,ret_15m,>,,0,,,,0,,,False
GC,30,ret_15m,<,,0,,,,0,,,False
GC,30,ret_15m,>,,0,,,,0,,,False
GC,30,ret_15m,<,,0,,,,0,,,False
GC,30,ret_30m,>,,0,,,,0,,,False
GC,30,ret_30m,<,,0,,,,0,,,False
GC,30,ret_30m,>,,0,,,,0,,,False
GC,30,ret_30m,<,,0,,,,0,,,False
GC,30,ret_30m,>,,0,,,,0,,,False
GC,30,ret_30m,<,,0,,,,0,,,False
GC,30,ret_30m,>,,0,,,,0,,,False
GC,30,ret_30m,<,,0,,,,0,,,False
GC,30,ret_60m,>,,0,,,,0,,,False
GC,30,ret_60m,<,,0,,,,0,,,False
GC,30,ret_60m,>,,0,,,,0,,,False
GC,30,ret_60m,<,,0,,,,0,,,False
GC,30,ret_60m,>,,0,,,,0,,,False
GC,30,ret_60m,<,,0,,,,0,,,False
GC,30,ret_60m,>,,0,,,,0,,,False
GC,30,ret_60m,<,,0,,,,0,,,False
GC,30,rel_volume,>,,0,,,,0,,,False
GC,30,rel_volume,<,,0,,,,0,,,False
GC,30,rel_volume,>,,0,,,,0,,,False
GC,30,rel_volume,<,,0,,,,0,,,False
GC,30,rel_volume,>,,0,,,,0,,,False
GC,30,rel_volume,<,,0,,,,0,,,False
GC,30,rel_volume,>,,0,,,,0,,,False
GC,30,rel_volume,<,,0,,,,0,,,False
GC,30,upbars10,>,,0,,,,0,,,False
GC,30,upbars10,<,,0,,,,0,,,False
GC,30,upbars10,>,,0,,,,0,,,False
GC,30,upbars10,<,,0,,,,0,,,False
GC,30,upbars10,>,,0,,,,0,,,False
GC,30,upbars10,<,,0,,,,0,,,False
GC,30,upbars10,>,,0,,,,0,,,False
GC,30,upbars10,<,,0,,,,0,,,False
GC,30,ib_ratio,>,,0,,,,0,,,False
GC,30,ib_ratio,<,,0,,,,0,,,False
GC,30,ib_ratio,>,,0,,,,0,,,False
GC,30,ib_ratio,<,,0,,,,0,,,False
GC,30,ib_ratio,>,,0,,,,0,,,False
GC,30,ib_ratio,<,,0,,,,0,,,False
GC,30,ib_ratio,>,,0,,,,0,,,False
GC,30,ib_ratio,<,,0,,,,0,,,False
GC,30,or30_range,>,,0,,,,0,,,False
GC,30,or30_range,<,,0,,,,0,,,False
GC,30,or30_range,>,,0,,,,0,,,False
GC,30,or30_range,<,,0,,,,0,,,False
GC,30,or30_range,>,,0,,,,0,,,False
GC,30,or30_range,<,,0,,,,0,,,False
GC,30,or30_range,>,,0,,,,0,,,False
GC,30,or30_range,<,,0,,,,0,,,False
GC,30,pd_return,>,,0,,,,0,,,False
GC,30,pd_return,<,,0,,,,0,,,False
GC,30,pd_return,>,,0,,,,0,,,False
GC,30,pd_return,<,,0,,,,0,,,False
GC,30,pd_return,>,,0,,,,0,,,False
GC,30,pd_return,<,,0,,,,0,,,False
GC,30,pd_return,>,,0,,,,0,,,False
GC,30,pd_return,<,,0,,,,0,,,False
GC,30,on_range_atr,>,,0,,,,0,,,False
GC,30,on_range_atr,<,,0,,,,0,,,False
GC,30,on_range_atr,>,,0,,,,0,,,False
GC,30,on_range_atr,<,,0,,,,0,,,False
GC,30,on_range_atr,>,,0,,,,0,,,False
GC,30,on_range_atr,<,,0,,,,0,,,False
GC,30,on_range_atr,>,,0,,,,0,,,False
GC,30,on_range_atr,<,,0,,,,0,,,False
GC,60,ALL,,,0,,,,773,0.017971543488913153,0.51875808538163,False
GC,60,d_pdh,>,,0,,,,0,,,False
GC,60,d_pdh,<,,0,,,,0,,,False
GC,60,d_pdh,>,,0,,,,0,,,False
GC,60,d_pdh,<,,0,,,,0,,,False
GC,60,d_pdh,>,,0,,,,0,,,False
GC,60,d_pdh,<,,0,,,,0,,,False
GC,60,d_pdh,>,,0,,,,0,,,False
GC,60,d_pdh,<,,0,,,,0,,,False
GC,60,d_pdl,>,,0,,,,0,,,False
GC,60,d_pdl,<,,0,,,,0,,,False
GC,60,d_pdl,>,,0,,,,0,,,False
GC,60,d_pdl,<,,0,,,,0,,,False
GC,60,d_pdl,>,,0,,,,0,,,False
GC,60,d_pdl,<,,0,,,,0,,,False
GC,60,d_pdl,>,,0,,,,0,,,False
GC,60,d_pdl,<,,0,,,,0,,,False
GC,60,d_pc,>,,0,,,,0,,,False
GC,60,d_pc,<,,0,,,,0,,,False
GC,60,d_pc,>,,0,,,,0,,,False
GC,60,d_pc,<,,0,,,,0,,,False
GC,60,d_pc,>,,0,,,,0,,,False
GC,60,d_pc,<,,0,,,,0,,,False
GC,60,d_pc,>,,0,,,,0,,,False
GC,60,d_pc,<,,0,,,,0,,,False
GC,60,d_on_high,>,,0,,,,0,,,False
GC,60,d_on_high,<,,0,,,,0,,,False
GC,60,d_on_high,>,,0,,,,0,,,False
GC,60,d_on_high,<,,0,,,,0,,,False
GC,60,d_on_high,>,,0,,,,0,,,False
GC,60,d_on_high,<,,0,,,,0,,,False
GC,60,d_on_high,>,,0,,,,0,,,False
GC,60,d_on_high,<,,0,,,,0,,,False
GC,60,d_on_low,>,,0,,,,0,,,False
GC,60,d_on_low,<,,0,,,,0,,,False
GC,60,d_on_low,>,,0,,,,0,,,False
GC,60,d_on_low,<,,0,,,,0,,,False
GC,60,d_on_low,>,,0,,,,0,,,False
GC,60,d_on_low,<,,0,,,,0,,,False
GC,60,d_on_low,>,,0,,,,0,,,False
GC,60,d_on_low,<,,0,,,,0,,,False
GC,60,d_on_mid,>,,0,,,,0,,,False
GC,60,d_on_mid,<,,0,,,,0,,,False
GC,60,d_on_mid,>,,0,,,,0,,,False
GC,60,d_on_mid,<,,0,,,,0,,,False
GC,60,d_on_mid,>,,0,,,,0,,,False
GC,60,d_on_mid,<,,0,,,,0,,,False
GC,60,d_on_mid,>,,0,,,,0,,,False
GC,60,d_on_mid,<,,0,,,,0,,,False
GC,60,d_vwap,>,,0,,,,0,,,False
GC,60,d_vwap,<,,0,,,,0,,,False
GC,60,d_vwap,>,,0,,,,0,,,False
GC,60,d_vwap,<,,0,,,,0,,,False
GC,60,d_vwap,>,,0,,,,0,,,False
GC,60,d_vwap,<,,0,,,,0,,,False
GC,60,d_vwap,>,,0,,,,0,,,False
GC,60,d_vwap,<,,0,,,,0,,,False
GC,60,on_position,>,,0,,,,0,,,False
GC,60,on_position,<,,0,,,,0,,,False
GC,60,on_position,>,,0,,,,0,,,False
GC,60,on_position,<,,0,,,,0,,,False
GC,60,on_position,>,,0,,,,0,,,False
GC,60,on_position,<,,0,,,,0,,,False
GC,60,on_position,>,,0,,,,0,,,False
GC,60,on_position,<,,0,,,,0,,,False
GC,60,gap_atr,>,,0,,,,0,,,False
GC,60,gap_atr,<,,0,,,,0,,,False
GC,60,gap_atr,>,,0,,,,0,,,False
GC,60,gap_atr,<,,0,,,,0,,,False
GC,60,gap_atr,>,,0,,,,0,,,False
GC,60,gap_atr,<,,0,,,,0,,,False
GC,60,gap_atr,>,,0,,,,0,,,False
GC,60,gap_atr,<,,0,,,,0,,,False
GC,60,atr_pctile,>,,0,,,,0,,,False
GC,60,atr_pctile,<,,0,,,,0,,,False
GC,60,atr_pctile,>,,0,,,,0,,,False
GC,60,atr_pctile,<,,0,,,,0,,,False
GC,60,atr_pctile,>,,0,,,,0,,,False
GC,60,atr_pctile,<,,0,,,,0,,,False
GC,60,atr_pctile,>,,0,,,,0,,,False
GC,60,atr_pctile,<,,0,,,,0,,,False
GC,60,ret_5m,>,,0,,,,0,,,False
GC,60,ret_5m,<,,0,,,,0,,,False
GC,60,ret_5m,>,,0,,,,0,,,False
GC,60,ret_5m,<,,0,,,,0,,,False
GC,60,ret_5m,>,,0,,,,0,,,False
GC,60,ret_5m,<,,0,,,,0,,,False
GC,60,ret_5m,>,,0,,,,0,,,False
GC,60,ret_5m,<,,0,,,,0,,,False
GC,60,ret_15m,>,,0,,,,0,,,False
GC,60,ret_15m,<,,0,,,,0,,,False
GC,60,ret_15m,>,,0,,,,0,,,False
GC,60,ret_15m,<,,0,,,,0,,,False
GC,60,ret_15m,>,,0,,,,0,,,False
GC,60,ret_15m,<,,0,,,,0,,,False
GC,60,ret_15m,>,,0,,,,0,,,False
GC,60,ret_15m,<,,0,,,,0,,,False
GC,60,ret_30m,>,,0,,,,0,,,False
GC,60,ret_30m,<,,0,,,,0,,,False
GC,60,ret_30m,>,,0,,,,0,,,False
GC,60,ret_30m,<,,0,,,,0,,,False
GC,60,ret_30m,>,,0,,,,0,,,False
GC,60,ret_30m,<,,0,,,,0,,,False
GC,60,ret_30m,>,,0,,,,0,,,False
GC,60,ret_30m,<,,0,,,,0,,,False
GC,60,ret_60m,>,,0,,,,0,,,False
GC,60,ret_60m,<,,0,,,,0,,,False
GC,60,ret_60m,>,,0,,,,0,,,False
GC,60,ret_60m,<,,0,,,,0,,,False
GC,60,ret_60m,>,,0,,,,0,,,False
GC,60,ret_60m,<,,0,,,,0,,,False
GC,60,ret_60m,>,,0,,,,0,,,False
GC,60,ret_60m,<,,0,,,,0,,,False
GC,60,rel_volume,>,,0,,,,0,,,False
GC,60,rel_volume,<,,0,,,,0,,,False
GC,60,rel_volume,>,,0,,,,0,,,False
GC,60,rel_volume,<,,0,,,,0,,,False
GC,60,rel_volume,>,,0,,,,0,,,False
GC,60,rel_volume,<,,0,,,,0,,,False
GC,60,rel_volume,>,,0,,,,0,,,False
GC,60,rel_volume,<,,0,,,,0,,,False
GC,60,upbars10,>,,0,,,,0,,,False
GC,60,upbars10,<,,0,,,,0,,,False
GC,60,upbars10,>,,0,,,,0,,,False
GC,60,upbars10,<,,0,,,,0,,,False
GC,60,upbars10,>,,0,,,,0,,,False
GC,60,upbars10,<,,0,,,,0,,,False
GC,60,upbars10,>,,0,,,,0,,,False
GC,60,upbars10,<,,0,,,,0,,,False
GC,60,ib_ratio,>,,0,,,,0,,,False
GC,60,ib_ratio,<,,0,,,,0,,,False
GC,60,ib_ratio,>,,0,,,,0,,,False
GC,60,ib_ratio,<,,0,,,,0,,,False
GC,60,ib_ratio,>,,0,,,,0,,,False
GC,60,ib_ratio,<,,0,,,,0,,,False
GC,60,ib_ratio,>,,0,,,,0,,,False
GC,60,ib_ratio,<,,0,,,,0,,,False
GC,60,or30_range,>,,0,,,,0,,,False
GC,60,or30_range,<,,0,,,,0,,,False
GC,60,or30_range,>,,0,,,,0,,,False
GC,60,or30_range,<,,0,,,,0,,,False
GC,60,or30_range,>,,0,,,,0,,,False
GC,60,or30_range,<,,0,,,,0,,,False
GC,60,or30_range,>,,0,,,,0,,,False
GC,60,or30_range,<,,0,,,,0,,,False
GC,60,pd_return,>,,0,,,,0,,,False
GC,60,pd_return,<,,0,,,,0,,,False
GC,60,pd_return,>,,0,,,,0,,,False
GC,60,pd_return,<,,0,,,,0,,,False
GC,60,pd_return,>,,0,,,,0,,,False
GC,60,pd_return,<,,0,,,,0,,,False
GC,60,pd_return,>,,0,,,,0,,,False
GC,60,pd_return,<,,0,,,,0,,,False
GC,60,on_range_atr,>,,0,,,,0,,,False
GC,60,on_range_atr,<,,0,,,,0,,,False
GC,60,on_range_atr,>,,0,,,,0,,,False
GC,60,on_range_atr,<,,0,,,,0,,,False
GC,60,on_range_atr,>,,0,,,,0,,,False
GC,60,on_range_atr,<,,0,,,,0,,,False
GC,60,on_range_atr,>,,0,,,,0,,,False
GC,60,on_range_atr,<,,0,,,,0,,,False
GC,90,ALL,,,1638,-0.004388400848443163,0.4993894993894994,-0.011634592696077257,773,0.012761649075008853,0.5329883570504528,False
GC,90,d_pdh,>,-0.5736256533697831,1474,-0.00011415455421422988,0.5067842605156038,-0.0003125041170068922,658,0.01068348454649562,0.5273556231003039,False
GC,90,d_pdh,<,-0.5736256533697831,164,-0.042804492541695875,0.4329268292682927,-0.09098936325530672,115,0.024652364377284564,0.5652173913043478,False
GC,90,d_pdh,>,-0.09404040404040183,1228,9.453146730998888e-05,0.509771986970684,0.00025650483843805044,535,-0.001946807712822019,0.514018691588785,False
GC,90,d_pdh,<,-0.09404040404040183,410,-0.017815329833186757,0.4682926829268293,-0.04430021114962152,238,0.045824776728326154,0.5756302521008403,False
GC,90,d_pdh,>,0.7741643021600514,410,0.011738629714004212,0.5487804878048781,0.03172837825729986,180,-0.0002671868868596889,0.55,False
GC,90,d_pdh,<,0.7741643021600514,1228,-0.009772832876621848,0.4828990228013029,-0.025747826965558256,593,0.016716439080297785,0.5278246205733558,False
GC,90,d_pdh,>,1.297262283566349,164,0.0010964316391419678,0.5548780487804879,0.002824448306848746,70,0.03464265825538824,0.6,False
GC,90,d_pdh,<,1.297262283566349,1474,-0.00499865358111885,0.4932157394843962,-0.01329177463820766,703,0.010582885714231395,0.5263157894736842,False
GC,90,d_pdl,>,-1.3935169434813954,1474,0.0004923871035502417,0.5074626865671642,0.0013390788271120035,674,0.011159656778948231,0.5296735905044511,False
GC,90,d_pdl,<,-1.3935169434813954,164,-0.04825597061209118,0.4268292682926829,-0.10663094012099468,99,0.0236681420805125,0.5555555555555556,False
GC,90,d_pdl,>,-0.8663547889631324,1228,0.0013822214424413554,0.5162866449511401,0.003778289424193242,538,0.004884923148582091,0.516728624535316,False
GC,90,d_pdl,<,-0.8663547889631324,410,-0.021672118344068004,0.44878048780487806,-0.052949644035442826,235,0.030794323749126294,0.5702127659574469,False
GC,90,d_pdl,>,-0.014609793933126758,410,0.010101934242908757,0.5317073170731708,0.028666508229548995,196,-0.007161741422794873,0.5102040816326531,False
GC,90,d_pdl,<,-0.014609793933126758,1228,-0.009226379176989,0.48859934853420195,-0.02395692472847793,577,0.01952938657512936,0.5407279029462738,False
GC,90,d_pdl,>,0.49422571582166464,164,0.005776168202666544,0.573170731707317,0.01632442270381556,72,0.009509443872015572,0.5416666666666666,False
GC,90,d_pdl,<,0.49422571582166464,1474,-0.005519329833776942,0.49118046132971505,-0.014532524219035491,701,0.013095684416828417,0.5320970042796006,False
GC,90,d_pc,>,-0.8495435479891498,1474,-0.0013314050130483956,0.5020352781546812,-0.0036799530126527804,664,0.005761526506484705,0.5210843373493976,False
GC,90,d_pc,<,-0.8495435479891498,164,-0.03186408292997906,0.47560975609756095,-0.06436893801483162,109,0.05540459756583486,0.6055045871559633,False
GC,90,d_pc,>,-0.43602745133764786,1228,0.0013397349013933104,0.5162866449511401,0.003700375307021913,554,0.005319305093606068,0.5234657039711191,False
GC,90,d_pc,<,-0.43602745133764786,410,-0.02154486597234363,0.44878048780487806,-0.05138749053186242,219,0.03158840051654832,0.5570776255707762,False
GC,90,d_pc,>,0.3456621905564371,410,0.0015716095314584468,0.5365853658536586,0.004595232109340966,178,0.01263141992980396,0.5617977528089888,False
GC,90,d_pc,<,0.3456621905564371,1228,-0.006378306594175785,0.48697068403908794,-0.016424861029242496,595,0.012800608382313852,0.5243697478991597,False
GC,90,d_pc,>,0.8384362254356742,164,-0.004020343224601956,0.5365853658536586,-0.011139527996674068,75,0.01582374070488893,0.5733333333333334,False
GC,90,d_pc,<,0.8384362254356742,1474,-0.004429351628843407,0.49525101763907736,-0.01168474533347868,698,0.012432627768073315,0.5286532951289399,False
GC,90,d_on_high,>,0.07224689728043991,1474,0.023286028561828355,0.5434192672998643,0.061853812797107506,687,0.04512094050293687,0.5895196506550219,False
GC,90,d_on_high,<,0.07224689728043991,164,-0.2531207724992982,0.10365853658536585,-0.9014149407101067,86,-0.245736411517858,0.08139534883720931,False
GC,90,d_on_high,>,0.22767534473718204,1228,0.044177708867741944,0.5684039087947883,0.11222427105850523,574,0.06433368062962795,0.6097560975609756,False
GC,90,d_on_high,<,0.22767534473718204,410,-0.14984982214472442,0.2926829268292683,-0.5427164570681794,199,-0.1359938590272593,0.31155778894472363,False
GC,90,d_on_high,>,0.7755484299847462,410,0.09204532530290452,0.5975609756097561,0.18650875332991937,188,0.09088991315203386,0.6117021276595744,True
GC,90,d_on_high,<,0.7755484299847462,1228,-0.03658532896086381,0.46661237785016285,-0.11318726724959766,585,-0.012346237500171834,0.5076923076923077,False
GC,90,d_on_high,>,1.1684180343076853,164,0.06816633273595153,0.5670731707317073,0.1288945162117369,75,0.1032011311767467,0.6133333333333333,False
GC,90,d_on_high,<,1.1684180343076853,1474,-0.012460976362582057,0.4918588873812754,-0.035034288549843855,698,0.003043939680122979,0.5243553008595988,False
GC,90,d_on_low,>,-1.2203032698604859,1474,0.011976800779284398,0.5101763907734057,0.03444684503013476,693,0.014137589643664381,0.5281385281385281,False
GC,90,d_on_low,<,-1.2203032698604859,164,-0.15147563986838478,0.4024390243902439,-0.27111127199920076,80,0.0008425638990303575,0.575,False
GC,90,d_on_low,>,-0.8071521849821817,1228,0.034610611815930344,0.5333876221498371,0.11335187780511037,555,0.03027773814060623,0.5333333333333333,False
GC,90,d_on_low,<,-0.8071521849821817,410,-0.12119519975539605,0.3975609756097561,-0.23260081393552667,218,-0.03183206391309455,0.5321100917431193,False
GC,90,d_on_low,>,-0.27920188653668954,410,0.1434892297054218,0.6926829268292682,0.5431855247907104,211,0.13501506644825972,0.6872037914691943,True
GC,90,d_on_low,<,-0.27920188653668954,1228,-0.0537612253818997,0.43485342019543977,-0.13576735108146315,562,-0.03313776563274192,0.4750889679715303,False
GC,90,d_on_low,>,-0.10152289796821566,164,0.19278551838077712,0.8536585365853658,0.9504254516149576,93,0.18511986432920458,0.8387096774193549,False
GC,90,d_on_low,<,-0.10152289796821566,1474,-0.026326340301355056,0.4599728629579376,-0.06826031104585861,680,-0.010810871540638502,0.49117647058823527,False
GC,90,d_on_mid,>,-0.4868389437059277,1474,0.017039281931335058,0.5203527815468114,0.04677143091857142,678,0.030805697359606695,0.5457227138643068,False
GC,90,d_on_mid,<,-0.4868389437059277,164,-0.19697623266181574,0.31097560975609756,-0.4543510918022758,95,-0.1160158744719105,0.4421052631578947,False
GC,90,d_on_mid,>,-0.24457698329960403,1228,0.04067572607389112,0.5464169381107492,0.11316531830241132,554,0.041049422354750675,0.555956678700361,False
GC,90,d_on_mid,<,-0.24457698329960403,410,-0.1393609566060688,0.35853658536585364,-0.3511778750986416,219,-0.05879737556872159,0.4748858447488584,False
GC,90,d_on_mid,>,0.21570333326354232,410,0.11096939216340075,0.6341463414634146,0.2749730650153322,193,0.10901093740729416,0.6373056994818653,True
GC,90,d_on_mid,<,0.21570333326354232,1228,-0.04290362489962883,0.4543973941368078,-0.11918201920226064,580,-0.019266131352803324,0.4982758620689655,False
GC,90,d_on_mid,>,0.48103858334786265,164,0.1222814062305785,0.6707317073170732,0.27711638618040024,74,0.14777062145303987,0.6756756756756757,False
GC,90,d_on_mid,<,0.48103858334786265,1474,-0.01848192076768302,0.48032564450474896,-0.05038042445987966,699,-0.0015311462840387794,0.5178826895565093,False
GC,90,d_vwap,>,-0.19731813495188963,1474,-0.011917145566004003,0.49592944369063774,-0.03172592393905922,675,0.00989718543469523,0.5333333333333333,False
GC,90,d_vwap,<,-0.19731813495188963,164,0.06327848764963412,0.5304878048780488,0.16414186658315316,98,0.03249137312818942,0.5306122448979592,False
GC,90,d_vwap,>,-0.09799370196520295,1228,-0.010035856609128143,0.502442996742671,-0.026884594434450813,545,0.006112777019705752,0.5321100917431193,False
GC,90,d_vwap,<,-0.09799370196520295,410,0.012526417868925499,0.4902439024390244,0.03223621863846742,228,0.02865478622474653,0.5350877192982456,False
GC,90,d_vwap,>,0.09205103639642219,410,-0.020465594839190155,0.5048780487804878,-0.05675779806183465,198,0.02325889738073906,0.5757575757575758,False
GC,90,d_vwap,<,0.09205103639642219,1228,0.000979391933483763,0.497557003257329,0.0025600843993881825,575,0.009146944441035669,0.5182608695652174,False
GC,90,d_vwap,>,0.17762740205298647,164,0.02034934575127561,0.5426829268292683,0.0550031011479372,94,0.0114850232677304,0.5531914893617021,False
GC,90,d_vwap,<,0.17762740205298647,1474,-0.007140768855467503,0.494572591587517,-0.018890747466681856,679,0.012938383722850054,0.5301914580265096,False
GC,90,on_position,>,0.09728381687486576,1474,-0.028234204342448728,0.45793758480325647,-0.07412583280236515,686,-0.009307778481742043,0.49416909620991256,False
GC,90,on_position,<,0.09728381687486576,164,0.2099330281159727,0.8719512195121951,0.8148922084042289,87,0.18678035371789525,0.8390804597701149,False
GC,90,on_position,>,0.284178062368852,1228,-0.05014926962757214,0.44625407166123776,-0.12994445839315732,563,-0.030635869956005493,0.4849023090586146,False
GC,90,on_position,<,0.284178062368852,410,0.13267098173880168,0.6585365853658537,0.42492456665407247,210,0.12910833104863303,0.6619047619047619,True
GC,90,on_position,>,0.7520573812073719,410,-0.16548776257145814,0.3073170731707317,-0.49398322752834495,215,-0.10671926160722485,0.3953488372093023,False
GC,90,on_position,<,0.7520573812073719,1228,0.04939884532943642,0.5635179153094463,0.1316341185657325,558,0.058798200681962697,0.5860215053763441,False
GC,90,on_position,>,0.9257760532150814,164,-0.24766502424054562,0.11585365853658537,-0.877738607183768,86,-0.2438611165128678,0.08139534883720931,False
GC,90,on_position,<,0.9257760532150814,1474,0.022679011794911514,0.5420624151967436,0.06018889351293294,687,0.04488618741643156,0.5895196506550219,False
GC,90,gap_atr,>,-0.7396592985437808,1474,-0.005677969805980211,0.49525101763907736,-0.015050250475089604,710,0.01574031752616477,0.5309859154929577,False
GC,90,gap_atr,<,-0.7396592985437808,164,0.0072019933186885906,0.5365853658536586,0.01908300084956471,63,-0.020807471565002216,0.5555555555555556,False
GC,90,gap_atr,>,-0.3028672672000575,1228,-0.0069800345351897835,0.49104234527687296,-0.018573007630468433,597,0.017125376517406105,0.5326633165829145,False
GC,90,gap_atr,<,-0.3028672672000575,410,0.0033738580962515956,0.524390243902439,0.008840998064095591,176,-0.002040312760850023,0.5340909090909091,False
GC,90,gap_atr,>,0.37459478050214484,410,-0.02580557885888006,0.4658536585365854,-0.060856271485927566,236,0.02570052897894097,0.576271186440678,False
GC,90,gap_atr,<,0.37459478050214484,1228,0.002762285620839514,0.510586319218241,0.007671049696816654,537,0.007075288446837572,0.5139664804469274,False
GC,90,gap_atr,>,0.7643734786781609,164,-0.05746341831209848,0.4451219512195122,-0.12443241287543856,99,0.08660484032417,0.6262626262626263,False
GC,90,gap_atr,<,0.7643734786781609,1474,0.0015168249751928446,0.505427408412483,0.004141164227603221,674,0.0019152456125949761,0.5192878338278932,False
GC,90,atr_pctile,>,0.07615456227104016,1474,-0.004070861058475286,0.4972862957937585,-0.011022458198803736,773,0.012761649075008853,0.5329883570504528,False
GC,90,atr_pctile,<,0.07615456227104016,164,-0.007242386521691067,0.5182926829268293,-0.016351963581602322,0,,,False
GC,90,atr_pctile,>,0.2531613035879511,1228,0.0007502466385956227,0.500814332247557,0.0021220786800336933,773,0.012761649075008853,0.5329883570504528,False
GC,90,atr_pctile,<,0.2531613035879511,410,-0.01977927673645202,0.4951219512195122,-0.04489167129945111,0,,,False
GC,90,atr_pctile,>,0.8468627858369426,410,0.004531753105869913,0.5121951219512195,0.012934433231295702,480,0.011522472546862814,0.5479166666666667,False
GC,90,atr_pctile,<,0.8468627858369426,1228,-0.007366628145892968,0.495114006514658,-0.019093612657880694,293,0.014791699360026247,0.5085324232081911,False
GC,90,atr_pctile,>,0.9408945048591586,164,0.006307140994985633,0.5,0.01763472318795425,261,0.03500950839506855,0.5862068965517241,False
GC,90,atr_pctile,<,0.9408945048591586,1474,-0.0055784068608735055,0.4993215739484396,-0.014703477125808776,512,0.0014204551638065544,0.505859375,False
GC,90,ret_5m,>,-0.0008040536815790644,1474,-0.006050377232383329,0.4966078697421981,-0.01591419238187106,697,0.013198264602431798,0.5294117647058824,False
GC,90,ret_5m,<,-0.0008040536815790644,164,0.010549118602336134,0.524390243902439,0.03015923765797247,76,0.008757425093248429,0.5657894736842105,False
GC,90,ret_5m,>,-0.0003752153412121817,1228,-0.0008527254826129888,0.500814332247557,-0.00221848601085704,588,0.013387051874904299,0.5306122448979592,False
GC,90,ret_5m,<,-0.0003752153412121817,410,-0.014978179749027192,0.4951219512195122,-0.04218842955106557,185,0.010773882338043871,0.5405405405405406,False
GC,90,ret_5m,>,0.00035500309727548585,410,-0.006581787663292489,0.4926829268292683,-0.01627661838163818,207,-0.0025062755995432814,0.4830917874396135,False
GC,90,ret_5m,<,0.00035500309727548585,1228,-0.0036560811464169223,0.501628664495114,-0.009939534394083441,566,0.018345501385313257,0.5512367491166078,False
GC,90,ret_5m,>,0.0007969506941901904,164,-0.04187728331846248,0.4695121951219512,-0.10714774419982845,80,-0.003551616485410045,0.4875,False
GC,90,ret_5m,<,0.0007969506941901904,1474,-0.00021731758854956278,0.5027137042062415,-0.0005786778213965759,693,0.01464485433450887,0.5382395382395382,False
GC,90,ret_15m,>,-0.0012622245439066315,1474,-0.003173756450476264,0.5027137042062415,-0.008369363468391294,661,0.015856096785290364,0.5370650529500757,False
GC,90,ret_15m,<,-0.0012622245439066315,164,-0.015305387693584699,0.4695121951219512,-0.042586880731839256,112,-0.0055011182151347105,0.5089285714285714,False
GC,90,ret_15m,>,-0.0006258312853984205,1228,-0.0002261139550150277,0.506514657980456,-0.0005930792430838673,563,0.01843913276348206,0.5364120781527532,False
GC,90,ret_15m,<,-0.0006258312853984205,410,-0.016854957690223046,0.47804878048780486,-0.04619068501254963,210,-0.0024594143374216918,0.5238095238095238,False
GC,90,ret_15m,>,0.0006527020544817019,410,-0.017777726557293212,0.47317073170731705,-0.0464704819991212,212,0.021649979126643206,0.5566037735849056,False
GC,90,ret_15m,<,0.0006527020544817019,1228,8.197662763869498e-05,0.50814332247557,0.00021835675415869817,561,0.00940277925157484,0.5240641711229946,False
GC,90,ret_15m,>,0.0013743679312113065,164,0.005489524363204109,0.4695121951219512,0.013424925093318347,85,-0.020648459449931603,0.5176470588235295,False
GC,90,ret_15m,<,0.0013743679312113065,1474,-0.005487437303470404,0.5027137042062415,-0.0146870912117349,688,0.01688935143637504,0.5348837209302325,False
GC,90,ret_30m,>,-0.001961681826219219,1474,-0.002456098263223322,0.5027137042062415,-0.006446464080287646,676,0.006309389338982283,0.522189349112426,False
GC,90,ret_30m,<,-0.001961681826219219,164,-0.021755559449748316,0.4695121951219512,-0.06369154370107938,97,0.05772791280236927,0.6082474226804123,False
GC,90,ret_30m,>,-0.0008798460646520789,1228,-0.0010362570687152204,0.500814332247557,-0.0027408685111981338,564,0.0073206956563879174,0.5301418439716312,False
GC,90,ret_30m,<,-0.0008798460646520789,410,-0.014428480266750268,0.4951219512195122,-0.038497964161056566,209,0.027444413324301725,0.5406698564593302,False
GC,90,ret_30m,>,0.0009010754061471449,410,0.022684676106771197,0.5048780487804878,0.056515961868111066,226,0.021512922217384687,0.5486725663716814,False
GC,90,ret_30m,<,0.0009010754061471449,1228,-0.013427457486584771,0.497557003257329,-0.0364400802329282,547,0.00914594938547149,0.526508226691042,False
GC,90,ret_30m,>,0.002001168357460447,164,0.023161703828307394,0.5,0.055961449452666026,104,-0.009737911860445501,0.5096153846153846,False
GC,90,ret_30m,<,0.002001168357460447,1474,-0.007453677081134541,0.4993215739484396,-0.019988086451684716,669,0.01625933866736648,0.5366218236173393,False
GC,90,ret_60m,>,-0.003071867465357014,1474,-0.0026428728860080505,0.5040705563093623,-0.006849738582213308,674,0.012909480926500985,0.526706231454006,False
GC,90,ret_60m,<,-0.003071867465357014,164,-0.020076865583988017,0.4573170731707317,-0.06959456580128093,97,0.023523762330902233,0.5876288659793815,False
GC,90,ret_60m,>,-0.0014031690881153858,1228,-0.0034216698868521716,0.497557003257329,-0.00887004216993946,555,0.007805502279746494,0.5297297297297298,False
GC,90,ret_60m,<,-0.0014031690881153858,410,-0.007283877972427896,0.5048780487804878,-0.02076958034596445,216,0.030790469098610527,0.5462962962962963,False
GC,90,ret_60m,>,0.0014630403317298923,410,0.0028120196970261185,0.5,0.0067485829918869115,239,0.014457939209881409,0.5355648535564853,False
GC,90,ret_60m,<,0.0014630403317298923,1228,-0.006792450053363687,0.499185667752443,-0.018701986731169386,532,0.01414914966052166,0.5338345864661654,False
GC,90,ret_60m,>,0.003172492790016677,164,0.034917578217098844,0.4878048780487805,0.08299334666360224,107,0.028052665484988887,0.5607476635514018,False
GC,90,ret_60m,<,0.003172492790016677,1474,-0.008761657677987865,0.5006784260515604,-0.02355745289724227,664,0.012019819101905676,0.5301204819277109,False
GC,90,rel_volume,>,0.4170096530312238,1474,-0.0007557870608419103,0.5047489823609227,-0.001992107907254142,692,0.014260612512855169,0.546242774566474,False
GC,90,rel_volume,<,0.4170096530312238,164,-0.037037624768712966,0.45121951219512196,-0.10398161723810609,81,-4.4310171776925455e-05,0.41975308641975306,False
GC,90,rel_volume,>,0.6838303818430935,1228,-0.0012729499196593803,0.509771986970684,-0.003336352719375943,571,0.009177222551451545,0.5394045534150613,False
GC,90,rel_volume,<,0.6838303818430935,410,-0.013719556313190686,0.4682926829268293,-0.037677660777021144,202,0.022893864644074315,0.5148514851485149,False
GC,90,rel_volume,>,1.2487167785713504,410,-0.04050789978744729,0.48048780487804876,-0.10124067943554267,194,-0.016283577256893857,0.5257731958762887,False
GC,90,rel_volume,<,1.2487167785713504,1228,0.007671040979725964,0.505700325732899,0.0208115559610101,579,0.022493555652537568,0.5354058721934369,False
GC,90,rel_volume,>,1.7030452841571935,164,-0.05659164400951761,0.524390243902439,-0.12713370640926086,82,-0.013686999184096051,0.5853658536585366,False
GC,90,rel_volume,<,1.7030452841571935,1474,0.001419829733928757,0.4966078697421981,0.0038522465399214397,691,0.015900273036291924,0.5267727930535456,False
GC,90,upbars10,>,3.0,1197,-0.012260593330428957,0.49456975772765244,-0.03234122443937033,600,0.0191749124976,0.54,False
GC,90,upbars10,<,3.0,152,0.007135160536517611,0.506578947368421,0.017217022493870655,62,-0.024892317706831747,0.4838709677419355,False
GC,90,upbars10,>,3.0,1197,-0.012260593330428957,0.49456975772765244,-0.03234122443937033,600,0.0191749124976,0.54,False
GC,90,upbars10,<,3.0,152,0.007135160536517611,0.506578947368421,0.017217022493870655,62,-0.024892317706831747,0.4838709677419355,False
GC,90,upbars10,>,5.0,377,2.3561777033869286e-05,0.5092838196286472,5.884618561091328e-05,227,-0.004420547199024051,0.5154185022026432,False
GC,90,upbars10,<,5.0,845,-0.0001456261131167522,0.5029585798816568,-0.000393692070950488,339,0.02073292036891241,0.528023598820059,False
GC,90,upbars10,>,6.0,131,-0.053382686492129794,0.4580152671755725,-0.1234894214608089,105,-0.01981030194287779,0.5428571428571428,False
GC,90,upbars10,<,6.0,1261,-0.005707441221008465,0.4964314036478985,-0.015420528761245103,546,0.019905162910550007,0.5402930402930403,False
GC,90,ib_ratio,>,0.23810409627576373,1474,-0.004694143655902051,0.4993215739484396,-0.012222095171639993,711,0.016859016262211656,0.540084388185654,False
GC,90,ib_ratio,<,0.23810409627576373,164,-0.0016404441521358389,0.5,-0.005300827587917374,62,-0.03422590044275231,0.45161290322580644,False
GC,90,ib_ratio,>,0.3141594895291334,1228,-0.0036636021385539662,0.495114006514658,-0.009553765071887751,587,0.006813427410993866,0.5332197614991482,False
GC,90,ib_ratio,<,0.3141594895291334,410,-0.006559261374647877,0.5121951219512195,-0.018314747276528435,186,0.031533724971658315,0.532258064516129,False
GC,90,ib_ratio,>,0.5572876723103743,410,-0.010145407450850605,0.5097560975609756,-0.024137414987662132,216,-0.014484982376028492,0.5231481481481481,False
GC,90,ib_ratio,<,0.5572876723103743,1228,-0.0024662732368901847,0.495928338762215,-0.006816555036370865,557,0.02332766773465709,0.5368043087971275,False
GC,90,ib_ratio,>,0.7500984854742542,164,-0.051935817331937084,0.5121951219512195,-0.12004171358621472,85,-0.029934801041315993,0.5529411764705883,False
GC,90,ib_ratio,<,0.7500984854742542,1474,0.000901813739951004,0.49796472184531887,0.0024354176248193413,688,0.018036646545775734,0.5305232558139535,False
GC,90,or30_range,>,1.9999999999997726,1473,-0.007348850659742758,0.49626612355736593,-0.01907147651090404,769,0.012827688063723175,0.5331599479843954,False
GC,90,or30_range,<,1.9999999999997726,161,0.019386505118152157,0.5217391304347826,0.06575845104130089,4,6.565349468036497e-05,0.5,False
GC,90,or30_range,>,2.7000000000000455,1223,-0.006411421454590182,0.49550286181520853,-0.016859654502465526,760,0.01176907679970617,0.531578947368421,False
GC,90,or30_range,<,2.7000000000000455,401,-0.002449592273241614,0.5087281795511222,-0.006742608800522502,12,0.07535062135320005,0.5833333333333334,False
GC,90,or30_range,>,6.999999999999773,406,-0.01572526607322814,0.5123152709359606,-0.04167606125818711,518,0.008663757484439158,0.5347490347490348,False
GC,90,or30_range,<,6.999999999999773,1227,-0.0009733145499415756,0.49551752241238795,-0.002578199964580204,253,0.020128165219473682,0.525691699604743,False
GC,90,or30_range,>,10.200000000000113,164,-0.05235544738194543,0.4878048780487805,-0.13690599065715323,290,0.018556833802143225,0.5724137931034483,False
GC,90,or30_range,<,10.200000000000113,1474,0.0009485025650536962,0.5006784260515604,0.0025202523568078447,483,0.00928213857631534,0.5093167701863354,False
GC,90,pd_return,>,-0.00917583106214469,1474,-0.0028526695802803194,0.5027137042062415,-0.00746806049191236,679,0.0038509489478949187,0.5213549337260678,False
GC,90,pd_return,<,-0.00917583106214469,164,-0.018191253831809213,0.4695121951219512,-0.05484401094699347,94,0.07712723829107655,0.6170212765957447,False
GC,90,pd_return,>,-0.004255216035388587,1228,-0.012888816824102128,0.48778501628664495,-0.03361417263389102,575,0.011044877415514584,0.5234782608695652,False
GC,90,pd_return,<,-0.004255216035388587,410,0.021071381634750024,0.5341463414634147,0.05901349621042234,198,0.017747223338691696,0.5606060606060606,False
GC,90,pd_return,>,0.00478948877319868,410,-0.0050159402536274185,0.5,-0.013986600472517144,255,0.014667614178236383,0.5411764705882353,False
GC,90,pd_return,<,0.00478948877319868,1228,-0.004178880362998909,0.499185667752443,-0.01090169620838633,518,0.01182338440064009,0.528957528957529,False
GC,90,pd_return,>,0.009657010274420496,164,-0.00926501091492795,0.47560975609756095,-0.023158302345445296,141,0.02389164441469766,0.5673758865248227,False
GC,90,pd_return,<,0.009657010274420496,1474,-0.0038458200812087674,0.5020352781546812,-0.010263951215150982,632,0.01027853302612258,0.5253164556962026,False
GC,90,on_range_atr,>,0.6224858852482833,1474,-0.0034443346337970824,0.5040705563093623,-0.008743787971388172,689,0.01652327405112743,0.5399129172714079,False
GC,90,on_range_atr,<,0.6224858852482833,164,-0.01287348377764025,0.4573170731707317,-0.07913296499977003,84,-0.018092631979106596,0.47619047619047616,False
GC,90,on_range_atr,>,0.7757116192902882,1228,-0.004447110290242103,0.512214983713355,-0.010632955913850264,571,0.020430801092337428,0.5516637478108581,False
GC,90,on_range_atr,<,0.7757116192902882,410,-0.004212558910567314,0.4609756097560976,-0.01993505094375001,202,-0.00891699350862786,0.4801980198019802,False
GC,90,on_range_atr,>,1.3793108078350576,410,-0.0033149846541156536,0.48048780487804876,-0.006060425438150904,187,0.07726463016127295,0.6256684491978609,False
GC,90,on_range_atr,<,1.3793108078350576,1228,-0.004746788991500394,0.505700325732899,-0.015816026575147045,586,-0.007822066732382591,0.5034129692832765,False
GC,90,on_range_atr,>,1.8436990950226473,164,-0.01492535913213995,0.47560975609756095,-0.021980281117541144,72,0.004051211428955981,0.5833333333333334,False
GC,90,on_range_atr,<,1.8436990950226473,1474,-0.003216039139809328,0.5020352781546812,-0.009828418298474816,701,0.013656301729097022,0.5278174037089871,False
GC,150,ALL,,,1652,-0.006543900310126617,0.48426150121065376,-0.020857654909896654,773,0.014720520833792041,0.517464424320828,False
GC,150,d_pdh,>,-0.5765943524939304,1486,-0.005506854067661746,0.4838492597577389,-0.018365527727012342,649,0.014403410677973492,0.5177195685670262,False
GC,150,d_pdh,<,-0.5765943524939304,166,-0.01582733836014347,0.4879518072289157,-0.037763615311692686,124,0.016380234471906858,0.5161290322580645,False
GC,150,d_pdh,>,-0.1080044494360276,1239,-0.0012496903963335766,0.4794188861985472,-0.004222577377791473,533,0.010951388394175471,0.5140712945590994,False
GC,150,d_pdh,<,-0.1080044494360276,413,-0.022426530051505748,0.49878934624697335,-0.061980864762206746,240,0.023091135793440506,0.525,False
GC,150,d_pdh,>,0.7842157375077675,413,0.0039790749749771485,0.4963680387409201,0.013194020291629761,188,0.002332941634279703,0.5159574468085106,False
GC,150,d_pdh,<,0.7842157375077675,1239,-0.010051558738494544,0.480225988700565,-0.031635346594237154,585,0.018701486456883184,0.517948717948718,False
GC,150,d_pdh,>,1.3174324215282875,166,-0.005896722297022391,0.4879518072289157,-0.018408340850774318,74,0.004605857003809107,0.5,False
GC,150,d_pdh,<,1.3174324215282875,1486,-0.006616196104322652,0.4838492597577389,-0.021130838340793514,699,0.015791315001773065,0.51931330472103,False
GC,150,d_pdl,>,-1.4375769820101059,1486,-0.006605107201780616,0.4851951547779273,-0.02159068429481654,674,0.015877879170079857,0.5237388724035609,False
GC,150,d_pdl,<,-1.4375769820101059,166,-0.005995988014958896,0.4759036144578313,-0.015876803417640688,99,0.006841131756438619,0.47474747474747475,False
GC,150,d_pdl,>,-0.8906805673873952,1239,-0.003110331789713673,0.4850686037126715,-0.01055433812941706,548,0.01433761147290914,0.5273722627737226,False
GC,150,d_pdl,<,-0.8906805673873952,413,-0.016844605871365458,0.48184019370460046,-0.046128333808976484,225,0.015653117854964628,0.49333333333333335,False
GC,150,d_pdl,>,0.03252007718179535,413,-0.0077676128524026555,0.4648910411622276,-0.02722817523014625,195,0.013068101939271179,0.5230769230769231,False
GC,150,d_pdl,<,0.03252007718179535,1239,-0.006135996129367938,0.4907183212267958,-0.01900990380669342,578,0.015277997796476418,0.5155709342560554,False
GC,150,d_pdl,>,0.5089283668196962,166,0.008507524426364493,0.5120481927710844,0.026583474896001744,75,-0.005431887691098361,0.49333333333333335,False
GC,150,d_pdl,<,0.5089283668196962,1486,-0.008225284230892114,0.48115746971736206,-0.026270873315280295,698,0.016885894242626966,0.5200573065902578,False
GC,150,d_pc,>,-0.874579733823538,1486,-0.006523433105573388,0.4838492597577389,-0.021510312269969818,663,0.008754433658218153,0.5158371040723982,False
GC,150,d_pc,<,-0.874579733823538,166,-0.006727118779801911,0.4879518072289157,-0.016968213217306433,110,0.050679755355660126,0.5272727272727272,False
GC,150,d_pc,>,-0.4519237173367667,1239,0.004002405773565229,0.4939467312348668,0.013753533437008868,542,0.009326857511023336,0.514760147601476,False
GC,150,d_pc,<,-0.4519237173367667,413,-0.03818281856120215,0.4552058111380145,-0.10254642294020616,231,0.02737578282920606,0.5238095238095238,False
GC,150,d_pc,>,0.3700163525212906,413,-0.0016606990750815873,0.48426150121065376,-0.006007678047176099,176,0.012189692449846135,0.5284090909090909,False
GC,150,d_pc,<,0.3700163525212906,1239,-0.008171634055141626,0.48426150121065376,-0.02511906918932572,597,0.015466627694050803,0.5142378559463987,False
GC,150,d_pc,>,0.8374572861625883,166,0.004126471470296493,0.5120481927710844,0.013319359959870592,80,-0.02265976921609988,0.4625,False
GC,150,d_pc,<,0.8374572861625883,1486,-0.007735879930281556,0.48115746971736206,-0.024616362710154615,693,0.019035705832336564,0.5238095238095238,False
GC,150,d_on_high,>,0.047327755983510654,1486,0.016704262586722234,0.5309555854643337,0.053208991345006215,692,0.03665496898877717,0.569364161849711,False
GC,150,d_on_high,<,0.047327755983510654,166,-0.21465697298914702,0.06626506024096386,-0.9649849542691672,81,-0.17267007328040193,0.07407407407407407,False
GC,150,d_on_high,>,0.20906510501276515,1239,0.03238332546223617,0.5504439063761097,0.09840218104887953,570,0.05543687936380428,0.6,False
GC,150,d_on_high,<,0.20906510501276515,413,-0.12332557762721497,0.2857142857142857,-0.5472079879306045,203,-0.09960620016180882,0.2857142857142857,False
GC,150,d_on_high,>,0.7692722148541086,413,0.05587700051632058,0.5181598062953995,0.14354012710148326,198,0.07785146025545119,0.5808080808080808,True
GC,150,d_on_high,<,0.7692722148541086,1239,-0.02735086725227568,0.47296206618240516,-0.09724414668436657,575,-0.007018480914883626,0.4956521739130435,False
GC,150,d_on_high,>,1.2327792297744202,166,0.0486821937325505,0.5481927710843374,0.11110901800368787,66,0.08034764838134183,0.5151515151515151,False
GC,150,d_on_high,<,1.2327792297744202,1486,-0.012713167881515854,0.4771197846567968,-0.042922642568117134,707,0.008594084598801536,0.5176803394625177,False
GC,150,d_on_low,>,-1.2399689174571926,1486,-2.635886335193547e-05,0.4858681022880215,-9.133556418129035e-05,680,0.01798976213569604,0.5191176470588236,False
GC,150,d_on_low,<,-1.2399689174571926,166,-0.06488767494812167,0.46987951807228917,-0.13484755096399334,93,-0.009183609115613528,0.5053763440860215,False
GC,150,d_on_low,>,-0.8339941315125754,1239,0.012873389720764067,0.4963680387409201,0.04844989214073099,569,0.023704403137028436,0.5272407732864675,False
GC,150,d_on_low,<,-0.8339941315125754,413,-0.06479577040279869,0.44794188861985473,-0.15367812871997596,204,-0.010337464610038875,0.49019607843137253,False
GC,150,d_on_low,>,-0.2601382698884419,413,0.1006140901966555,0.639225181598063,0.48187117698942494,220,0.09765412712664712,0.6636363636363637,True
GC,150,d_on_low,<,-0.2601382698884419,1239,-0.042263230479054,0.43260694108151737,-0.12648074739145615,553,-0.018272957257398033,0.4593128390596745,False
GC,150,d_on_low,>,-0.07606425241194305,166,0.1831682707114838,0.8674698795180723,0.888970528500987,90,0.1615058335567984,0.8555555555555555,False
GC,150,d_on_low,<,-0.07606425241194305,1486,-0.027736511608637607,0.4414535666218035,-0.08760247919810181,683,-0.004621614078463557,0.47291361639824303,False
GC,150,d_on_mid,>,-0.5251702694699473,1486,0.008802826071693423,0.5006729475100942,0.029278328906160753,668,0.03201354193129546,0.5404191616766467,False
GC,150,d_on_mid,<,-0.5251702694699473,166,-0.14392483647509394,0.3373493975903614,-0.371299679724797,105,-0.09529603243413444,0.37142857142857144,False
GC,150,d_on_mid,>,-0.2827544244675144,1239,0.02027946508497178,0.5117029862792575,0.06859725517473358,568,0.037308618893388844,0.5545774647887324,False
GC,150,d_on_mid,<,-0.2827544244675144,413,-0.08701399649542181,0.4019370460048426,-0.24792593707886143,205,-0.04786503866792008,0.4146341463414634,False
GC,150,d_on_mid,>,0.23247037266672438,413,0.07247488203294689,0.5617433414043583,0.2220320684168484,210,0.0716617961632458,0.580952380952381,True
GC,150,d_on_mid,<,0.23247037266672438,1239,-0.032883494424484454,0.45843422114608556,-0.10780883498981723,563,-0.0065186760031267724,0.4937833037300178,False
GC,150,d_on_mid,>,0.5138035833577423,166,0.0951171925698789,0.6325301204819277,0.2660305185545166,73,0.14173121098669328,0.6575342465753424,False
GC,150,d_on_mid,<,0.5138035833577423,1486,-0.017900388478417947,0.4676985195154778,-0.05840069348316613,700,0.0014751202892751992,0.5028571428571429,False
GC,150,d_vwap,>,-0.23640626562496075,1486,-0.006449924098060203,0.4892328398384926,-0.02090861846830928,700,0.014797475689047523,0.5171428571428571,False
GC,150,d_vwap,<,-0.23640626562496075,166,-0.007385157244648847,0.4397590361445783,-0.020603427734901945,73,0.013982597564218914,0.5205479452054794,False
GC,150,d_vwap,>,-0.11364972601811325,1239,-0.012242601398689879,0.4907183212267958,-0.04044652727089397,548,0.015035970183007147,0.5255474452554745,False
GC,150,d_vwap,<,-0.11364972601811325,413,0.010552202955563155,0.4648910411622276,0.030620427207063712,225,0.013952226418814809,0.49777777777777776,False
GC,150,d_vwap,>,0.09208311943580527,413,-0.005146277368206036,0.4891041162227603,-0.015982693710978425,221,0.025966182511471387,0.5656108597285068,False
GC,150,d_vwap,<,0.09208311943580527,1239,-0.007009774624100144,0.4826472962066182,-0.0225341508350668,552,0.010218181647619692,0.49818840579710144,False
GC,150,d_vwap,>,0.2060810925890891,166,0.01602540279506242,0.5301204819277109,0.04716785130840937,100,0.019957752831209496,0.55,False
GC,150,d_vwap,<,0.2060810925890891,1486,-0.009065101060773576,0.4791386271870794,-0.029174391973800083,673,0.01394232885794992,0.512630014858841,False
GC,150,on_position,>,0.07439828911121396,1486,-0.027317883173099775,0.4414535666218035,-0.08633110132149796,690,-0.004809451519202311,0.4782608695652174,False
GC,150,on_position,<,0.07439828911121396,166,0.17942078965600658,0.8674698795180723,0.8449438904059335,83,0.17707812232254025,0.8433734939759037,False
GC,150,on_position,>,0.26379587367942514,1239,-0.03604762189168432,0.4495560936238902,-0.11216803987244314,562,-0.013081117227989785,0.48576512455516013,False
GC,150,on_position,<,0.26379587367942514,413,0.0819672644345465,0.5883777239709443,0.30205571467265474,211,0.08877038145332469,0.6018957345971564,True
GC,150,on_position,>,0.7784140584018251,413,-0.1198612539631669,0.3389830508474576,-0.4060846883983505,209,-0.07525708793692049,0.3492822966507177,False
GC,150,on_position,<,0.7784140584018251,1239,0.03122855090755348,0.5326876513317191,0.10049398333554169,564,0.04806328720449934,0.5797872340425532,False
GC,150,on_position,>,0.9551041064198937,166,-0.22490610805220412,0.08433734939759036,-0.9100988160635465,88,-0.15908505507065238,0.11363636363636363,False
GC,150,on_position,<,0.9551041064198937,1486,0.01784918615365862,0.5289367429340511,0.05739150148746268,685,0.03704882839523892,0.5693430656934306,False
GC,150,gap_atr,>,-0.7379487202102695,1486,-0.006771833771488866,0.4838492597577389,-0.021296122200926065,710,0.016809144926885906,0.5225352112676056,False
GC,150,gap_atr,<,-0.7379487202102695,166,-0.0045034839029922565,0.4879518072289157,-0.016455457141307594,63,-0.008817941167741974,0.4603174603174603,False
GC,150,gap_atr,>,-0.30227285748193633,1239,-0.009352066899700324,0.483454398708636,-0.029305168523546657,597,0.01702484951088565,0.5192629815745393,False
GC,150,gap_atr,<,-0.30227285748193633,413,0.0018805994585945,0.48668280871670705,0.0063274622901551,176,0.006904133218877917,0.5113636363636364,False
GC,150,gap_atr,>,0.37100417964588933,413,-0.02124019402318115,0.4891041162227603,-0.059808245331056345,238,0.026073366834539854,0.5252100840336135,False
GC,150,gap_atr,<,0.37100417964588933,1239,-0.0016451357391084394,0.4826472962066182,-0.005508266156634829,535,0.009670095883926661,0.514018691588785,False
GC,150,gap_atr,>,0.7616852985073962,166,-0.026799757601759,0.5,-0.06557201311146336,100,0.06092227763091216,0.55,False
GC,150,gap_atr,<,0.7616852985073962,1486,-0.004281132941074818,0.48250336473755046,-0.014205441180386937,673,0.007855475247295738,0.512630014858841,False
GC,150,atr_pctile,>,0.07519265877573725,1486,-0.008548684495584281,0.48048452220726784,-0.028054692899241486,773,0.014720520833792041,0.517464424320828,False
GC,150,atr_pctile,<,0.07519265877573725,166,0.011402541253669095,0.5180722891566265,0.029548861116214378,0,,,False
GC,150,atr_pctile,>,0.25285714285714284,1239,-0.00531271458775059,0.48103309120258275,-0.018843096771955763,773,0.014720520833792041,0.517464424320828,False
GC,150,atr_pctile,<,0.25285714285714284,413,-0.010237457477254705,0.4939467312348668,-0.025955703889432368,0,,,False
GC,150,atr_pctile,>,0.846389321484718,413,-0.0045875419821471,0.4721549636803874,-0.016742267578875824,481,0.011771374435227326,0.5301455301455301,False
GC,150,atr_pctile,<,0.846389321484718,1239,-0.007196019752786458,0.4882970137207425,-0.022072989498581864,292,0.01957853253827707,0.4965753424657534,False
GC,150,atr_pctile,>,0.9401197415798208,166,0.0018487059776106478,0.4879518072289157,0.0070527809783787,265,0.028967705659876955,0.5509433962264151,False
GC,150,atr_pctile,<,0.9401197415798208,1486,-0.007481432371879231,0.4838492597577389,-0.023449010611908527,508,0.007288426387113885,0.5,False
GC,150,ret_5m,>,-0.0006063641039448009,1486,-0.009565836888039948,0.4784656796769852,-0.030260866570453463,686,0.017701688149279016,0.5204081632653061,False
GC,150,ret_5m,<,-0.0006063641039448009,166,0.020507893393362592,0.536144578313253,0.07043764204445908,87,-0.008786154780277678,0.4942528735632184,False
GC,150,ret_5m,>,-0.00030483160180236335,1239,-0.01260828279922052,0.47861178369652946,-0.04093617498459997,591,0.012405921028151187,0.5008460236886633,False
GC,150,ret_5m,<,-0.00030483160180236335,413,0.011649247157155089,0.5012106537530266,0.035291345796115765,182,0.02223661141144998,0.5714285714285714,False
GC,150,ret_5m,>,0.00026943462415124353,413,-0.009171805299944344,0.46731234866828086,-0.03147386858559838,208,-0.0027489436349207533,0.4855769230769231,False
GC,150,ret_5m,<,0.00026943462415124353,1239,-0.005667931980187378,0.48991121872477805,-0.017660019551798148,565,0.021151757310769497,0.5292035398230088,False
GC,150,ret_5m,>,0.0005428403140233851,166,-0.030753217489055483,0.46987951807228917,-0.11015438173538139,96,-0.060676886196386504,0.4479166666666667,False
GC,150,ret_5m,<,0.0005428403140233851,1486,-0.003839494757164174,0.4858681022880215,-0.01209906286190282,677,0.02541202906849978,0.5273264401772526,False
GC,150,ret_15m,>,-0.0009796647972207138,1486,-0.006454192830880268,0.48115746971736206,-0.020883161420586608,677,0.013733988000660667,0.5155096011816839,False
GC,150,ret_15m,<,-0.0009796647972207138,166,-0.007346944371331918,0.5120481927710844,-0.02075909695260718,96,0.02167763258410393,0.53125,False
GC,150,ret_15m,>,-0.00045318988095630064,1239,-0.006699630932385638,0.48184019370460046,-0.022089531034217205,566,0.007176375784658503,0.5070671378091873,False
GC,150,ret_15m,<,-0.00045318988095630064,413,-0.00607670844334957,0.4915254237288136,-0.017686912560983616,207,0.03534847299712336,0.5458937198067633,False
GC,150,ret_15m,>,0.0004949452216918004,413,-0.01770457867753046,0.46731234866828086,-0.058756076919019594,213,0.01066579637547793,0.5164319248826291,False
GC,150,ret_15m,<,0.0004949452216918004,1239,-0.0028236741876586694,0.48991121872477805,-0.008884961054047397,560,0.016262764243829376,0.5178571428571429,False
GC,150,ret_15m,>,0.0009909678751426345,166,-0.034173565317714184,0.42168674698795183,-0.11158753866791471,110,-0.000526379573661701,0.5,False
GC,150,ret_15m,<,0.0009909678751426345,1486,-0.003457410141042138,0.49125168236877526,-0.010992763040323185,663,0.017250172485104125,0.5203619909502263,False
GC,150,ret_30m,>,-0.0015127694529396994,1486,-0.006566001545391627,0.4845222072678331,-0.020834750463695262,681,0.010905546411884638,0.5051395007342144,False
GC,150,ret_30m,<,-0.0015127694529396994,166,-0.006346054312513343,0.4819277108433735,-0.021028453187723235,92,0.04295962497856316,0.6086956521739131,False
GC,150,ret_30m,>,-0.0007054210147579565,1239,-0.008520578891434167,0.47619047619047616,-0.02652511127163785,567,0.015245843397233432,0.5008818342151675,False
GC,150,ret_30m,<,-0.0007054210147579565,413,-0.0006138645662039742,0.5084745762711864,-0.002113732628505525,206,0.013274608729562562,0.5631067961165048,False
GC,150,ret_30m,>,0.0007185860708591729,413,-0.016370950637442854,0.44552058111380144,-0.05624620182035387,203,0.029336447742456622,0.5270935960591133,False
GC,150,ret_30m,<,0.0007185860708591729,1239,-0.003268216867687874,0.4971751412429379,-0.010181644088936922,570,0.00951519949614483,0.5140350877192983,False
GC,150,ret_30m,>,0.0014627645721961625,166,-0.03274004558064341,0.42771084337349397,-0.10572771654438548,95,0.004133842740939691,0.5157894736842106,False
GC,150,ret_30m,<,0.0014627645721961625,1486,-0.0036175476083057643,0.49057873485868103,-0.011514967758943293,678,0.016203904932348048,0.5176991150442478,False
GC,150,ret_60m,>,-0.0021762616704406484,1486,-0.005489418412409122,0.4878869448183042,-0.017712047390366397,667,0.01865694308422854,0.52023988005997,False
GC,150,ret_60m,<,-0.0021762616704406484,166,-0.015983418984874813,0.45180722891566266,-0.04607390971220825,106,-0.010049230496784762,0.5,False
GC,150,ret_60m,>,-0.000998678573153139,1239,0.0014872148050763983,0.4850686037126715,0.004897352626524168,545,0.020479783499539717,0.5119266055045871,False
GC,150,ret_60m,<,-0.000998678573153139,413,-0.030637245655735664,0.48184019370460046,-0.08973499743576345,228,0.0009538622687372998,0.5307017543859649,False
GC,150,ret_60m,>,0.0011325927103074118,413,0.004804790864351465,0.4745762711864407,0.015267155243470738,242,0.015660893607381755,0.49586776859504134,False
GC,150,ret_60m,<,0.0011325927103074118,1239,-0.010326797368285979,0.48748991121872476,-0.03294540563334582,531,0.014291951697805765,0.527306967984934,False
GC,150,ret_60m,>,0.0023253325865866268,166,-0.025075427802884215,0.42771084337349397,-0.07941638793758247,96,0.018233803242854788,0.46875,False
GC,150,ret_60m,<,0.0023253325865866268,1486,-0.0044737565929006675,0.49057873485868103,-0.014267853501382953,677,0.014222330122905743,0.5243722304283605,False
GC,150,rel_volume,>,0.39414841025803254,1486,-0.003570106509143859,0.4858681022880215,-0.01142297756173491,698,0.017390310346261376,0.5257879656160458,False
GC,150,rel_volume,<,0.39414841025803254,166,-0.03316472915506865,0.46987951807228917,-0.10233800158201356,75,-0.01012632022892258,0.44,False
GC,150,rel_volume,>,0.6942303798552597,1239,-0.005320783289070398,0.48991121872477805,-0.017458157158889556,569,0.009140141185869378,0.5096660808435852,False
GC,150,rel_volume,<,0.6942303798552597,413,-0.010213251373295268,0.46731234866828086,-0.030075323592951814,204,0.030285403283144968,0.5392156862745098,False
GC,150,rel_volume,>,1.2306472321381403,413,-0.011822651925456005,0.4794188861985472,-0.0343904604812961,209,0.008427135369576942,0.5167464114832536,False
GC,150,rel_volume,<,1.2306472321381403,1239,-0.004784316438350157,0.4858757062146893,-0.015779597449453453,564,0.01705264417070863,0.5177304964539007,False
GC,150,rel_volume,>,1.7025528618674008,166,-0.027468281882224686,0.46987951807228917,-0.0742999818119782,79,0.008675051424074716,0.5189873417721519,False
GC,150,rel_volume,<,1.7025528618674008,1486,-0.004206452570578651,0.4858681022880215,-0.013705631673410401,694,0.015408693864581189,0.5172910662824207,False
GC,150,upbars10,>,2.0,1455,-0.006796133166528797,0.4831615120274914,-0.021429279977762724,712,0.014728861145398342,0.5168539325842697,False
GC,150,upbars10,<,2.0,41,-0.02978371779883325,0.43902439024390244,-0.09250055517762479,16,-0.01914011874026351,0.5,False
GC,150,upbars10,>,3.0,1162,-0.0016189581865505493,0.4853700516351119,-0.0051813938454038375,596,0.004129457151435764,0.5050335570469798,False
GC,150,upbars10,<,3.0,197,-0.004680962208272953,0.49238578680203043,-0.016246642393142732,61,0.014623171622911888,0.5245901639344263,False
GC,150,upbars10,>,5.0,339,-0.002811753789968505,0.4778761061946903,-0.009513906488663237,225,-0.01445753583900832,0.5111111111111111,False
GC,150,upbars10,<,5.0,897,-0.012670358074669302,0.48606465997770343,-0.03984477700961703,377,0.03450438835902929,0.5305039787798409,False
GC,150,upbars10,>,6.0,110,-0.033848026660907915,0.42727272727272725,-0.1024406007591628,76,0.022698542603863604,0.5526315789473685,False
GC,150,upbars10,<,6.0,1313,-0.007507493356839185,0.4859101294744859,-0.02358090551107942,548,0.02670056235090898,0.5200729927007299,False
GC,150,ib_ratio,>,0.236553252857576,1486,-0.007876886627373292,0.48048452220726784,-0.024695362900424296,715,0.01985416983214057,0.5244755244755245,False
GC,150,ib_ratio,<,0.236553252857576,166,0.0053887362406478375,0.5180722891566265,0.0204938933148101,58,-0.04856497974929756,0.43103448275862066,False
GC,150,ib_ratio,>,0.31393796930669543,1239,-0.005658467190074045,0.48103309120258275,-0.017811346295311815,588,0.010987393369154738,0.5051020408163265,False
GC,150,ib_ratio,<,0.31393796930669543,413,-0.009200199670284341,0.4939467312348668,-0.030469554788381988,185,0.026585812451125748,0.5567567567567567,False
GC,150,ib_ratio,>,0.5567643352545217,413,-0.00018221832320974987,0.513317191283293,-0.0005402559415705905,216,-0.006046203224814515,0.49537037037037035,False
GC,150,ib_ratio,<,0.5567643352545217,1239,-0.008664460972432241,0.4745762711864407,-0.02835179168335495,557,0.022773684921151137,0.526032315978456,False
GC,150,ib_ratio,>,0.748997950808493,166,-0.02232993008709705,0.5301204819277109,-0.06465687968501053,85,-0.002401291558799887,0.5176470588235295,False
GC,150,ib_ratio,<,0.748997950808493,1486,-0.00478045418430085,0.4791386271870794,-0.015416562319029346,688,0.01683586102764424,0.5174418604651163,False
GC,150,or30_range,>,1.9000000000003183,1485,-0.006271234246381739,0.48215488215488217,-0.019691947022310093,769,0.014724747184808658,0.517555266579974,False
GC,150,or30_range,<,1.9000000000003183,165,-0.008438813919440676,0.503030303030303,-0.031224898437154064,4,0.013908004850847007,0.5,False
GC,150,or30_range,>,2.7000000000000455,1228,-0.01061890784044584,0.4739413680781759,-0.03406710377422317,760,0.014379358189703236,0.5171052631578947,False
GC,150,or30_range,<,2.7000000000000455,410,0.0027213833401878644,0.5121951219512195,0.008642623683673282,12,0.029529742878855455,0.5,False
GC,150,or30_range,>,6.900000000000091,412,-0.015413887787994416,0.48058252427184467,-0.05409141353522461,520,0.007957375819816141,0.5096153846153846,False
GC,150,or30_range,<,6.900000000000091,1233,-0.0026902491199795233,0.48742903487429035,-0.008322935619977026,244,0.029286224702915812,0.5286885245901639,False
GC,150,or30_range,>,10.200000000000045,164,-0.04226502876325079,0.47560975609756095,-0.1429537096331846,290,0.008896545973336134,0.5413793103448276,False
GC,150,or30_range,<,10.200000000000045,1483,-0.002213520952209255,0.4868509777478085,-0.007005654971065648,482,0.01922602607431593,0.504149377593361,False
GC,150,pd_return,>,-0.009169584856103207,1486,-0.004903932700529171,0.48654104979811574,-0.01537737875742926,679,0.009458211483626102,0.5139911634756995,False
GC,150,pd_return,<,-0.009169584856103207,166,-0.02122457421290857,0.463855421686747,-0.08057778381065486,94,0.05273230858658642,0.5425531914893617,False
GC,150,pd_return,>,-0.00423701540306981,1239,-0.011919333053480823,0.4850686037126715,-0.03721366840572253,575,0.017978544174073664,0.528695652173913,False
GC,150,pd_return,<,-0.00423701540306981,413,0.009582397919935997,0.48184019370460046,0.03270633667151615,198,0.005259089416307525,0.48484848484848486,False
GC,150,pd_return,>,0.004800462358098556,413,-0.012517733617204476,0.513317191283293,-0.04078996224915716,255,0.011670765490787601,0.5568627450980392,False
GC,150,pd_return,<,0.004800462358098556,1239,-0.0045526225411006635,0.4745762711864407,-0.014402885722874927,518,0.016221848270985346,0.4980694980694981,False
GC,150,pd_return,>,0.00964554191517169,166,-0.02324755900585589,0.4939759036144578,-0.07012337189172507,141,0.016700595890829076,0.5531914893617021,False
GC,150,pd_return,<,0.00964554191517169,1486,-0.004677946512353358,0.4831763122476447,-0.015005289426510637,632,0.014278763582142954,0.509493670886076,False
GC,150,on_range_atr,>,0.6195934693392017,1486,-0.005522129126678718,0.4878869448183042,-0.016890406041124448,692,0.01941479784870513,0.5202312138728323,False
GC,150,on_range_atr,<,0.6195934693392017,166,-0.015690598976413235,0.45180722891566266,-0.10383168444876825,81,-0.025383672923243214,0.49382716049382713,False
GC,150,on_range_atr,>,0.7733212112920316,1239,-0.005345887424821084,0.49313962873284906,-0.015537682137220763,574,0.020945440150065824,0.5278745644599303,False
GC,150,on_range_atr,<,0.7733212112920316,413,-0.010137938966043217,0.4576271186440678,-0.05151574084076551,199,-0.00323477407847505,0.48743718592964824,False
GC,150,on_range_atr,>,1.3767598211049896,413,0.015799192676767528,0.5157384987893463,0.03522782705115715,190,0.05794160300779427,0.5526315789473685,False
GC,150,on_range_atr,<,1.3767598211049896,1239,-0.013991597972424665,0.4737691686844229,-0.05525889433899989,583,0.000634747912590627,0.5060034305317325,False
GC,150,on_range_atr,>,1.8412574568835482,166,0.019624360871187383,0.5421686746987951,0.0340899689553582,74,-0.009070562550314087,0.5405405405405406,False
GC,150,on_range_atr,<,1.8412574568835482,1486,-0.009467138100233027,0.477792732166891,-0.03515264346303042,699,0.01723917629934834,0.5150214592274678,False
GC,210,ALL,,,1620,-0.00046025292562265597,0.4876543209876543,-0.0016615951141297292,773,0.007113672416311657,0.5071151358344114,False
GC,210,d_pdh,>,-0.6130478337089916,1458,-0.001860339867420451,0.4835390946502058,-0.006971566680992044,651,0.007903233580554515,0.500768049155146,False
GC,210,d_pdh,<,-0.6130478337089916,162,0.012140529550557458,0.5246913580246914,0.034071324192411635,122,0.0029005222694091872,0.5409836065573771,False
GC,210,d_pdh,>,-0.13232152261954078,1215,0.0035482685666368505,0.48806584362139915,0.013085691840529934,533,0.008970950175287328,0.50093808630394,False
GC,210,d_pdh,<,-0.13232152261954078,405,-0.012485817402401183,0.48641975308641977,-0.04249255470350464,240,0.0029889680599198536,0.5208333333333334,False
GC,210,d_pdh,>,0.8326204617684853,405,0.013482152315086756,0.5037037037037037,0.04909445714753568,171,0.03407105794370928,0.5906432748538012,False
GC,210,d_pdh,<,0.8326204617684853,1215,-0.0051077213391924605,0.4823045267489712,-0.01839032371875575,602,-0.0005436580241949762,0.4833887043189369,False
GC,210,d_pdh,>,1.343323352820073,162,0.005614040010940352,0.5308641975308642,0.020727759836478114,80,0.0485495072282387,0.6375,False
GC,210,d_pdh,<,1.343323352820073,1458,-0.0011351743630185454,0.4828532235939643,-0.004087003086969732,693,0.0023303148622652453,0.49206349206349204,False
GC,210,d_pdl,>,-1.4384971737005252,1458,-0.001472567982964877,0.4821673525377229,-0.005435889600771106,668,0.008770676273608816,0.5059880239520959,False
GC,210,d_pdl,<,-1.4384971737005252,162,0.008650582590457326,0.5370370370370371,0.02640347288123858,105,-0.0034280283139216995,0.5142857142857142,False
GC,210,d_pdl,>,-0.9091195689556366,1215,0.0013646756870429354,0.48806584362139915,0.005159258894628502,534,0.005555956029273393,0.49063670411985016,False
GC,210,d_pdl,<,-0.9091195689556366,405,-0.00593503876361944,0.48641975308641977,-0.01903754995395388,239,0.01059409313044735,0.5439330543933054,False
GC,210,d_pdl,>,0.04733176444981558,405,0.001537135584121094,0.4765432098765432,0.005849856736893511,189,0.01850359586094793,0.5608465608465608,False
GC,210,d_pdl,<,0.04733176444981558,1215,-0.0011260490955372405,0.49135802469135803,-0.003997621584864108,584,0.003427549931660536,0.4897260273972603,False
GC,210,d_pdl,>,0.5453685542256356,162,0.018766430169606624,0.5555555555555556,0.0717102366349229,80,0.030901490622482243,0.6,False
GC,210,d_pdl,<,0.5453685542256356,1458,-0.0025965510473147987,0.48010973936899864,-0.009318459890353223,693,0.004367603936522844,0.4963924963924964,False
GC,210,d_pc,>,-0.9138546756312255,1458,-0.0019547081477848172,0.48559670781893005,-0.0072906662491034595,662,0.005294328223854978,0.4954682779456193,False
GC,210,d_pc,<,-0.9138546756312255,162,0.012989844073836779,0.5061728395061729,0.037370458866995526,111,0.01796417561817042,0.5765765765765766,False
GC,210,d_pc,>,-0.46097940159558476,1215,0.0047823606298959785,0.49382716049382713,0.01795897815094575,538,0.007165526217391581,0.5,False
GC,210,d_pc,<,-0.46097940159558476,405,-0.016188093592178567,0.4691358024691358,-0.0527842022182841,235,0.00699496031000953,0.5234042553191489,False
GC,210,d_pc,>,0.3946056586050186,405,0.001401688416693175,0.4962962962962963,0.005662755850782854,179,0.02771007699498914,0.5810055865921788,False
GC,210,d_pc,<,0.3946056586050186,1215,-0.0010809000397279333,0.48477366255144033,-0.003776250427829011,594,0.0009070117772825837,0.48484848484848486,False
GC,210,d_pc,>,0.887308436668656,162,0.01406950462793713,0.5617283950617284,0.052445476176582996,77,0.027981893770037847,0.5974025974025974,False
GC,210,d_pc,<,0.887308436668656,1458,-0.002074670431573743,0.4794238683127572,-0.007463116926303975,696,0.004804975513672408,0.49712643678160917,False
GC,210,d_on_high,>,0.048695668513500275,1458,0.019237605723740853,0.5301783264746228,0.0690981482134902,678,0.030032288931132405,0.5693215339233039,False
GC,210,d_on_high,<,0.048695668513500275,162,-0.17774098076989428,0.10493827160493827,-0.9507189306501796,95,-0.15645287492104065,0.06315789473684211,False
GC,210,d_on_high,>,0.19438298861259468,1215,0.0282332249649813,0.5399176954732511,0.09572821151383099,567,0.04121350064921696,0.5837742504409171,False
GC,210,d_on_high,<,0.19438298861259468,405,-0.08654068659743454,0.3308641975308642,-0.4549359628096818,206,-0.08674362179755875,0.2961165048543689,False
GC,210,d_on_high,>,0.8000147269872375,405,0.05288718611318977,0.5432098765432098,0.14910819260907954,186,0.05927921342667481,0.6182795698924731,True
GC,210,d_on_high,<,0.8000147269872375,1215,-0.0182427326052268,0.4691358024691358,-0.0749831153223968,587,-0.009415783508607502,0.47189097103918226,False
GC,210,d_on_high,>,1.2727961805384698,162,0.07836277456107262,0.5987654320987654,0.19407666533218657,65,0.10143465545538644,0.6307692307692307,False
GC,210,d_on_high,<,1.2727961805384698,1458,-0.009218367090811022,0.47530864197530864,-0.03575422800132905,708,-0.0015457398683491634,0.4957627118644068,False
GC,210,d_on_low,>,-1.2620743420769278,1458,0.00363491485353917,0.4876543209876543,0.014444827690900126,680,0.011450262575400222,0.5088235294117647,False
GC,210,d_on_low,<,-1.2620743420769278,162,-0.037316762938079104,0.4876543209876543,-0.08408129744666848,93,-0.024594728746916535,0.4946236559139785,False
GC,210,d_on_low,>,-0.8381765242069896,1215,0.012546018039739463,0.49958847736625517,0.05263671619522121,560,0.021747783416262715,0.5160714285714286,False
GC,210,d_on_low,<,-0.8381765242069896,405,-0.03947906582170902,0.45185185185185184,-0.10755844594932183,213,-0.03136098561172869,0.4835680751173709,False
GC,210,d_on_low,>,-0.2381589410796583,405,0.09396494126983042,0.6691358024691358,0.47426099363432084,209,0.07060253634836543,0.6363636363636364,True
GC,210,d_on_low,<,-0.2381589410796583,1215,-0.03193531765744035,0.4271604938271605,-0.10934896314439264,564,-0.016413229289006136,0.4592198581560284,False
GC,210,d_on_low,>,-0.06229155848488996,162,0.1765806717125214,0.8950617283950617,0.8489724597247751,89,0.14087681647813485,0.898876404494382,False
GC,210,d_on_low,<,-0.06229155848488996,1458,-0.02013146677430533,0.44238683127572015,-0.07273587848098811,684,-0.010291181123896327,0.45614035087719296,False
GC,210,d_on_mid,>,-0.5582383283626828,1458,0.014128610139933356,0.5027434842249657,0.053425335182058414,679,0.016783578036584586,0.5198821796759941,False
GC,210,d_on_mid,<,-0.5582383283626828,162,-0.13176002051562677,0.35185185185185186,-0.38135942027144304,94,-0.06273596498970234,0.4148936170212766,False
GC,210,d_on_mid,>,-0.3002187159974822,1215,0.017019601851544955,0.5078189300411523,0.062959656944264,556,0.02782913491464045,0.539568345323741,False
GC,210,d_on_mid,<,-0.3002187159974822,405,-0.05289981725712549,0.4271604938271605,-0.18229526992505996,217,-0.045963733800604506,0.423963133640553,False
GC,210,d_on_mid,>,0.26531711875352004,405,0.06642231057220281,0.5876543209876544,0.22670260817909277,186,0.06511455210813535,0.6182795698924731,True
GC,210,d_on_mid,<,0.26531711875352004,1215,-0.02275444075823115,0.454320987654321,-0.08493962992786905,587,-0.011264800535441679,0.47189097103918226,False
GC,210,d_on_mid,>,0.5506058985975993,162,0.07873567987793928,0.6604938271604939,0.25561847876452554,74,0.12083106615356676,0.7162162162162162,False
GC,210,d_on_mid,<,0.5506058985975993,1458,-0.009259801014907318,0.46844993141289437,-0.034040122399316655,699,-0.004925078852010057,0.48497854077253216,False
GC,210,d_vwap,>,-0.2514171560802828,1458,0.0002308621670555712,0.4869684499314129,0.0008455350407588034,692,0.009812393951306706,0.5144508670520231,False
GC,210,d_vwap,<,-0.2514171560802828,162,-0.006680288759726723,0.49382716049382713,-0.021464613343432123,81,-0.015942072055497903,0.4444444444444444,False
GC,210,d_vwap,>,-0.1227246402745636,1215,-0.0004075337233901536,0.48806584362139915,-0.0014617761022536584,552,0.012978124381501643,0.519927536231884,False
GC,210,d_vwap,<,-0.1227246402745636,405,-0.0006184105323201702,0.48641975308641977,-0.0022746824108268197,221,-0.0075341895057918435,0.4751131221719457,False
GC,210,d_vwap,>,0.11535960248191235,405,-0.011192942193766965,0.5012345679012346,-0.03732632106907087,186,0.02131480816784412,0.5806451612903226,False
GC,210,d_vwap,<,0.11535960248191235,1215,0.0031173101637587777,0.4831275720164609,0.011589625589755174,587,0.002613823609182121,0.4838160136286201,False
GC,210,d_vwap,>,0.2510149494718176,162,0.008126683227532457,0.5246913580246914,0.027935040906647546,67,0.02373746799138284,0.6119402985074627,False
GC,210,d_vwap,<,0.2510149494718176,1458,-0.001414356942639892,0.4835390946502058,-0.005133922376173768,706,0.005536060088365811,0.4971671388101983,False
GC,210,on_position,>,0.06093865484109356,1458,-0.02022381257198926,0.44238683127572015,-0.07312285753598928,688,-0.009101834215813455,0.46075581395348836,False
GC,210,on_position,<,0.06093865484109356,162,0.17741178389167675,0.8950617283950617,0.8463326633687752,85,0.13836389080339492,0.8823529411764706,False
GC,210,on_position,>,0.2398486484864914,1215,-0.029660892589306546,0.4378600823045268,-0.10428014496450569,569,-0.019850766212457318,0.45869947275922673,False
GC,210,on_position,<,0.2398486484864914,405,0.08714166606542902,0.6370370370370371,0.37462852022586035,204,0.08232330761126042,0.6421568627450981,True
GC,210,on_position,>,0.7989583333333374,405,-0.0892921905496559,0.3654320987654321,-0.3482691767943123,224,-0.06128723230859944,0.3794642857142857,False
GC,210,on_position,<,0.7989583333333374,1215,0.029150392949055085,0.528395061728395,0.10509385889368389,549,0.03502223827857047,0.5591985428051002,False
GC,210,on_position,>,0.9562124849939885,162,-0.18637006480720206,0.09876543209876543,-0.8669620914064878,94,-0.15116866194484216,0.0851063829787234,False
GC,210,on_position,<,0.9562124849939885,1458,0.020196392838997275,0.5308641975308642,0.07331760822272845,679,0.02902610162094856,0.5655375552282769,False
GC,210,gap_atr,>,-0.7414036211641407,1458,-0.001300222734265197,0.4828532235939643,-0.004662995938205526,710,0.005740635547135209,0.49859154929577465,False
GC,210,gap_atr,<,-0.7414036211641407,162,0.00709947535216021,0.5308641975308642,0.027252535903032497,63,0.022587579989570027,0.6031746031746031,False
GC,210,gap_atr,>,-0.31224417442871766,1215,-0.004686848499398978,0.4831275720164609,-0.01673997199924358,602,0.005177262106617396,0.5016611295681063,False
GC,210,gap_atr,<,-0.31224417442871766,405,0.01221953379570631,0.5012345679012346,0.04563297433342628,171,0.013930742629387356,0.5263157894736842,False
GC,210,gap_atr,>,0.37711155551691095,405,-0.00954859555574718,0.4740740740740741,-0.03087294964187024,236,0.003394649339006061,0.5550847457627118,False
GC,210,gap_atr,<,0.37711155551691095,1215,0.0025691946177521852,0.49218106995884775,0.009679434295447664,537,0.008748103414904061,0.4860335195530726,False
GC,210,gap_atr,>,0.7659853946598826,162,-0.0127516454210702,0.49382716049382713,-0.03648363438840873,99,0.021229147337178757,0.6060606060606061,False
GC,210,gap_atr,<,0.7659853946598826,1458,0.0009054573516492897,0.4869684499314129,0.003380566206118083,674,0.0050403311445522455,0.49258160237388726,False
GC,210,atr_pctile,>,0.0770908630186314,1458,-0.0010642287443631921,0.48559670781893005,-0.003979012303026023,773,0.007113672416311657,0.5071151358344114,False
GC,210,atr_pctile,<,0.0770908630186314,162,0.00497552944304216,0.5061728395061729,0.014121272206873968,0,,,False
GC,210,atr_pctile,>,0.25302888514567345,1215,0.005043969354409348,0.48559670781893005,0.0201886213756635,773,0.007113672416311657,0.5071151358344114,False
GC,210,atr_pctile,<,0.25302888514567345,405,-0.016972919765718672,0.49382716049382713,-0.049091392008924525,0,,,False
GC,210,atr_pctile,>,0.846389321484718,405,0.008268604898272124,0.4765432098765432,0.033791947837411226,481,0.0008058505497097998,0.5176715176715176,False
GC,210,atr_pctile,<,0.846389321484718,1215,-0.0033698722002542506,0.49135802469135803,-0.011742111717379562,292,0.01750429679246061,0.4897260273972603,False
GC,210,atr_pctile,>,0.9401807309606859,162,0.006060990166545745,0.4876543209876543,0.023455101904970257,263,0.022653917947995313,0.5361216730038023,False
GC,210,atr_pctile,<,0.9401807309606859,1458,-0.0011848354914191456,0.4876543209876543,-0.004245848079806098,510,-0.000900218906889917,0.492156862745098,False
GC,210,ret_5m,>,-0.000498074514725888,1458,-0.0032071172850956678,0.4842249657064472,-0.011508755325621099,692,0.006064234128755552,0.5057803468208093,False
GC,210,ret_5m,<,-0.000498074514725888,162,0.024261526309634428,0.5185185185185185,0.09296584912124903,80,0.020659477961834243,0.525,False
GC,210,ret_5m,>,-0.00022380466131322052,1215,0.0010861754323747458,0.4888888888888889,0.003961323140113203,570,0.012035084501464679,0.512280701754386,False
GC,210,ret_5m,<,-0.00022380466131322052,405,-0.0050995379996148634,0.4839506172839506,-0.017860271348216022,202,-0.005003910454402406,0.49504950495049505,False
GC,210,ret_5m,>,0.00023539855835591483,405,-0.016242931071387776,0.47160493827160493,-0.05829628609812319,210,0.01736048734186371,0.5333333333333333,False
GC,210,ret_5m,<,0.00023539855835591483,1215,0.004800639789632382,0.49300411522633747,0.017370769953911968,562,0.003920829025363353,0.498220640569395,False
GC,210,ret_5m,>,0.0005021461975112784,162,-0.040135693494911424,0.4444444444444444,-0.1283464472352227,83,0.025832243610100423,0.5421686746987951,False
GC,210,ret_5m,<,0.0005021461975112784,1458,0.003948129359853874,0.4924554183813443,0.01448851021616485,689,0.005377550122506888,0.5036284470246735,False
GC,210,ret_15m,>,-0.0008390290485751461,1458,0.00187859171834484,0.4897119341563786,0.006885599487338461,699,0.005367962364587474,0.49928469241773965,False
GC,210,ret_15m,<,-0.0008390290485751461,162,-0.021509854721330136,0.4691358024691358,-0.06891002131148383,73,0.0287260624821772,0.589041095890411,False
GC,210,ret_15m,>,-0.00038707604601892487,1215,0.0011805197533145645,0.48806584362139915,0.004257764701762651,582,0.01338865750549679,0.5103092783505154,False
GC,210,ret_15m,<,-0.00038707604601892487,405,-0.005382570962434323,0.48641975308641977,-0.019468754760438255,190,-0.010226265337650272,0.5,False
GC,210,ret_15m,>,0.00040744246243362703,405,-0.013612181657281935,0.49135802469135803,-0.05221665678553577,247,0.010084849338327628,0.48582995951417,False
GC,210,ret_15m,<,0.00040744246243362703,1215,0.003923723318263772,0.48641975308641977,0.013904621058511632,525,0.006396667557102203,0.518095238095238,False
GC,210,ret_15m,>,0.00081509567972351,162,-0.04843530904341514,0.4444444444444444,-0.16368875289401666,108,0.013539007262604923,0.5370370370370371,False
GC,210,ret_15m,<,0.00081509567972351,1458,0.004870308865243174,0.4924554183813443,0.017748674269925095,664,0.00660692088807869,0.5030120481927711,False
GC,210,ret_30m,>,-0.0012611905651733091,1458,0.00035695240793205555,0.49039780521262005,0.0012987049287509313,700,0.010646177804001882,0.5042857142857143,False
GC,210,ret_30m,<,-0.0012611905651733091,162,-0.007815100927615073,0.46296296296296297,-0.026368745410590925,72,-0.022265502899385264,0.5416666666666666,False
GC,210,ret_30m,>,-0.0006071940930694186,1215,0.006022405575819785,0.49794238683127573,0.021930027215915887,587,0.010418900217083062,0.4991482112436116,False
GC,210,ret_30m,<,-0.0006071940930694186,405,-0.019908228429949992,0.4567901234567901,-0.07023366123195393,185,-0.0014415468831469054,0.5351351351351351,False
GC,210,ret_30m,>,0.0005381623184816386,405,0.008605834956548538,0.49135802469135803,0.031121975007419558,252,-0.006481900861460105,0.4523809523809524,False
GC,210,ret_30m,<,0.0005381623184816386,1215,-0.0034822822196797216,0.48641975308641977,-0.012562318395811034,520,0.014389706290641397,0.5346153846153846,False
GC,210,ret_30m,>,0.0011842851403410795,162,-0.005381099456292322,0.5061728395061729,-0.020766109511460393,114,0.027721195311145797,0.5175438596491229,False
GC,210,ret_30m,<,0.0011842851403410795,1458,8.650780000730506e-05,0.48559670781893005,0.00031007754517814825,658,0.004086613964399635,0.506079027355623,False
GC,210,ret_60m,>,-0.0019640554324849126,1458,0.0013361583629994988,0.49314128943758573,0.004828052087784025,693,0.008884500587750031,0.49927849927849927,False
GC,210,ret_60m,<,-0.0019640554324849126,162,-0.016627954523222063,0.4382716049382716,-0.059483703790359,79,-0.003895577889432784,0.5822784810126582,False
GC,210,ret_60m,>,-0.0009120059451972751,1215,0.0028409189718628523,0.49465020576131685,0.010354988377353823,580,-0.00034556918608024274,0.4793103448275862,False
GC,210,ret_60m,<,-0.0009120059451972751,405,-0.010363768618079187,0.4666666666666667,-0.03637822705036078,192,0.031508533239438134,0.59375,False
GC,210,ret_60m,>,0.0008080934493090441,405,-0.018645573639396645,0.4567901234567901,-0.06272614135726061,257,-0.0031595840534643874,0.47470817120622566,False
GC,210,ret_60m,<,0.0008080934493090441,1215,0.005601520645635339,0.49794238683127573,0.02076480805024925,515,0.012934410399584326,0.5242718446601942,False
GC,210,ret_60m,>,0.0017326440062098054,162,-0.03237568170472331,0.4382716049382716,-0.12230710691209266,123,0.006155075767576309,0.5447154471544715,False
GC,210,ret_60m,<,0.0017326440062098054,1458,0.0030859058276107485,0.49314128943758573,0.011092897662274953,649,0.007846123165845447,0.5007704160246533,False
GC,210,rel_volume,>,0.4716507204576534,1458,0.0007081562350250989,0.48628257887517146,0.00257232772417189,688,0.009086621089129224,0.5130813953488372,False
GC,210,rel_volume,<,0.4716507204576534,162,-0.010975935371452469,0.5,-0.037523807607387084,85,-0.008855606253082298,0.4588235294117647,False
GC,210,rel_volume,>,0.7109202818007078,1215,-0.00016299692980401413,0.48559670781893005,-0.0006157397250245805,558,0.00720752675515224,0.510752688172043,False
GC,210,rel_volume,<,0.7109202818007078,405,-0.001352020913078587,0.49382716049382713,-0.004343312336219306,215,0.006870087667134706,0.49767441860465117,False
GC,210,rel_volume,>,1.235820704602295,405,0.0026416572045131646,0.5160493827160494,0.008764496269720885,216,0.0019023707187597594,0.5416666666666666,False
GC,210,rel_volume,<,1.235820704602295,1215,-0.0014942229690012617,0.47818930041152263,-0.005565297538029016,557,0.009134572176942198,0.49371633752244165,False
GC,210,rel_volume,>,1.6889844039830495,162,-0.01626545467120011,0.5185185185185185,-0.05499889982538552,78,-0.019438506505167714,0.5128205128205128,False
GC,210,rel_volume,<,1.6889844039830495,1458,0.0012958806016637268,0.4842249657064472,0.0047142765630699,695,0.010093629187355383,0.5064748201438849,False
GC,210,upbars10,>,2.0,1422,-0.002948891293527404,0.4873417721518987,-0.010588085314164705,724,0.009742763241649223,0.5069060773480663,False
GC,210,upbars10,<,2.0,42,-0.06663655772403239,0.47619047619047616,-0.2487750235627829,13,-0.2854522808476093,0.23076923076923078,False
GC,210,upbars10,>,3.0,1111,-0.0005574390163167007,0.48874887488748875,-0.002111224159750716,608,0.011335408179145929,0.5197368421052632,False
GC,210,upbars10,<,3.0,198,0.017412695352965978,0.4898989898989899,0.06549815397111729,49,-0.031732485900920974,0.5102040816326531,False
GC,210,upbars10,>,5.0,286,-0.02252890022318423,0.46153846153846156,-0.07938586722552753,225,0.018307840530812115,0.52,False
GC,210,upbars10,<,5.0,970,0.006545079620958066,0.4948453608247423,0.023546832845068574,356,0.007722547387243798,0.4943820224719101,False
GC,210,upbars10,>,6.0,102,-0.011077911568153347,0.43137254901960786,-0.03818211107851606,79,0.023649308909787458,0.5316455696202531,False
GC,210,upbars10,<,6.0,1334,0.004271106240121428,0.49325337331334335,0.015509064133273425,548,0.0025175267488616506,0.5018248175182481,False
GC,210,ib_ratio,>,0.2458254631153988,1458,0.000515712989843895,0.4869684499314129,0.0018764351725129983,700,0.013981666161640932,0.5142857142857142,False
GC,210,ib_ratio,<,0.2458254631153988,162,-0.009243946164821616,0.49382716049382713,-0.031180206904011357,73,-0.058743801853969074,0.4383561643835616,False
GC,210,ib_ratio,>,0.316736969519142,1215,-0.0003914841132092221,0.48806584362139915,-0.001396973702215807,578,0.0067046839101278,0.5121107266435986,False
GC,210,ib_ratio,<,0.316736969519142,405,-0.0006665593628629609,0.48641975308641977,-0.002493031034176709,195,0.008325956296179708,0.49230769230769234,False
GC,210,ib_ratio,>,0.56044949182152,405,-0.0019552086039603582,0.49876543209876545,-0.006541633927627583,214,-0.00584847488826012,0.514018691588785,False
GC,210,ib_ratio,<,0.56044949182152,1215,3.8065633823242015e-05,0.4839506172839506,0.000141281913745117,559,0.012075925588365968,0.5044722719141324,False
GC,210,ib_ratio,>,0.7507642765712099,162,-0.023838754631698943,0.5123456790123457,-0.07595523205788501,85,-0.0022451117294813028,0.5529411764705883,False
GC,210,ib_ratio,<,0.7507642765712099,1458,0.0021373583750524832,0.4849108367626886,0.007840957887233749,688,0.008269917550602936,0.501453488372093,False
GC,210,or30_range,>,2.0,1452,0.004150833607582424,0.48829201101928377,0.01509349678158737,768,0.007471567524956806,0.5065104166666666,False
GC,210,or30_range,<,2.0,148,-0.020358541308184604,0.4864864864864865,-0.07845900666137418,5,-0.04785901627158329,0.6,False
GC,210,or30_range,>,2.7749999999998636,1215,-0.0005685944705840657,0.48559670781893005,-0.0020757392776612695,758,0.007039256398240921,0.5052770448548812,False
GC,210,or30_range,<,2.7749999999998636,405,-0.00013522829073842963,0.49382716049382713,-0.00047223927516526124,15,0.010874161862819547,0.6,False
GC,210,or30_range,>,6.9999999999998295,405,-0.000398227309443882,0.4888888888888889,-0.0015424229588956238,518,0.0005807414132828406,0.5115830115830116,False
GC,210,or30_range,<,6.9999999999998295,1215,-0.00048092813101558064,0.4872427983539095,-0.0016988565349750177,255,0.02038448912050353,0.4980392156862745,False
GC,210,or30_range,>,10.299999999999567,162,-0.018987676031684764,0.4691358024691358,-0.06662153285360047,288,0.0048368340830921225,0.5451388888888888,False
GC,210,or30_range,<,10.299999999999567,1458,0.0015983496417175769,0.4897119341563786,0.00578874280057128,485,0.008465691880161604,0.4845360824742268,False
GC,210,pd_return,>,-0.009171759181435124,1458,0.001100883251510856,0.4945130315500686,0.0038870845434575032,679,0.0019829104239022853,0.49042709867452133,False
GC,210,pd_return,<,-0.009171759181435124,162,-0.014510478519824285,0.42592592592592593,-0.06806889833227343,94,0.04417524042531127,0.6276595744680851,False
GC,210,pd_return,>,-0.004327283903667878,1215,-0.004611210080154378,0.49135802469135803,-0.01623750904715322,577,0.010579330726615113,0.5060658578856152,False
GC,210,pd_return,<,-0.004327283903667878,405,0.011992618537972502,0.4765432098765432,0.04706616297119694,196,-0.003088801282898002,0.5102040816326531,False
GC,210,pd_return,>,0.004793161258265843,405,0.00330061213966423,0.5111111111111111,0.011777255643880173,256,0.007556337984947284,0.50390625,False
GC,210,pd_return,<,0.004793161258265843,1215,-0.0017138746140516212,0.47983539094650207,-0.006209581466051583,517,0.006894480181165199,0.5087040618955513,False
GC,210,pd_return,>,0.009590637499003872,162,0.012579350966215933,0.5308641975308642,0.04081079714858181,143,0.006191366521094759,0.4825174825174825,False
GC,210,pd_return,<,0.009590637499003872,1458,-0.001909097802493612,0.4828532235939643,-0.006983277765639063,630,0.007323021214749779,0.5126984126984127,False
GC,210,on_range_atr,>,0.6326008231656611,1458,-1.320487733086998e-05,0.49588477366255146,-4.5962818393607336e-05,687,0.010932010689183796,0.5152838427947598,False
GC,210,on_range_atr,<,0.6326008231656611,162,-0.004483685360248746,0.41358024691358025,-0.028595451835191122,86,-0.023388634484422778,0.4418604651162791,False
GC,210,on_range_atr,>,0.7872493076915825,1215,-0.002843140478602917,0.48641975308641977,-0.00938761217888737,565,0.014670367579018235,0.5345132743362832,False
GC,210,on_range_atr,<,0.7872493076915825,405,0.006688409733318122,0.49135802469135803,0.03752011888344092,208,-0.013412927424694191,0.4326923076923077,False
GC,210,on_range_atr,>,1.3850016797459697,405,0.02596103684554347,0.528395061728395,0.06490321218273894,185,0.05300712978453585,0.6,False
GC,210,on_range_atr,<,1.3850016797459697,1215,-0.009267349516011363,0.4740740740740741,-0.04196531073288265,588,-0.00732559563321466,0.477891156462585,False
GC,210,on_range_atr,>,1.87153006680716,162,0.03198804997984451,0.5802469135802469,0.05914551818620433,67,0.014032888810056699,0.5970149253731343,False
GC,210,on_range_atr,<,1.87153006680716,1458,-0.0040656199151190104,0.4773662551440329,-0.017692515549397707,706,0.006457032900191376,0.4985835694050991,False
GC,270,ALL,,,1610,-0.0022593198017791714,0.4937888198757764,-0.009873892779558982,770,0.005594447426175037,0.5038961038961038,False
GC,270,d_pdh,>,-0.6250295434496742,1449,-0.0018345226206825359,0.48999309868875085,-0.008267936389051978,649,0.006531454561377295,0.49768875192604006,False
GC,270,d_pdh,<,-0.6250295434496742,161,-0.00608249443164887,0.5279503105590062,-0.021378401090462015,121,0.0005686818828174626,0.5371900826446281,False
GC,270,d_pdh,>,-0.14048197693455727,1207,0.0023324384124750602,0.5012427506213754,0.010545080253063626,525,0.005515004247512299,0.5047619047619047,False
GC,270,d_pdh,<,-0.14048197693455727,403,-0.016011806562585267,0.47146401985111663,-0.06402896581035256,245,0.005764682809023761,0.5020408163265306,False
GC,270,d_pdh,>,0.8250744336144175,403,0.008711052173340965,0.5136476426799007,0.04052514312631444,176,0.029216087683904945,0.6022727272727273,False
GC,270,d_pdh,<,0.8250744336144175,1207,-0.005922169765303126,0.4871582435791218,-0.025391573107257422,594,-0.0014045570946338245,0.47474747474747475,False
GC,270,d_pdh,>,1.3915684042258096,161,0.006397892318876517,0.5093167701863354,0.028657570455827484,74,0.053171168856456986,0.6756756756756757,False
GC,270,d_pdh,<,1.3915684042258096,1449,-0.0032212322596298026,0.49206349206349204,-0.014036927195584786,696,0.0005360029062887378,0.48563218390804597,False
GC,270,d_pdl,>,-1.4561963720772209,1449,-0.0004747862081415762,0.4913733609385783,-0.002122160219707164,665,0.004591845211922123,0.49774436090225566,False
GC,270,d_pdl,<,-1.4561963720772209,161,-0.018320122144517524,0.515527950310559,-0.06769391529241724,105,0.011944261449776823,0.5428571428571428,False
GC,270,d_pdl,>,-0.906055897791058,1207,0.0005625516797816809,0.5012427506213754,0.00255072299913578,524,0.003614883883537755,0.5019083969465649,False
GC,270,d_pdl,<,-0.906055897791058,403,-0.010710929921491202,0.47146401985111663,-0.04249064227348041,246,0.009811078712117862,0.508130081300813,False
GC,270,d_pdl,>,0.05414157409176199,403,-0.004344190105805962,0.46898263027295284,-0.02012835006899617,190,0.022322646072314392,0.5789473684210527,False
GC,270,d_pdl,<,0.05414157409176199,1207,-0.0015632114898298745,0.5020712510356256,-0.006706857513061446,580,0.00011452028347420938,0.4793103448275862,False
GC,270,d_pdl,>,0.5544551908489596,161,0.02626298876302386,0.546583850931677,0.11733777050950696,80,0.035498869759871016,0.625,False
GC,270,d_pdl,<,0.5544551908489596,1449,-0.0054284651978683965,0.48792270531400966,-0.023682094707438636,690,0.002127268025166808,0.48985507246376814,False
GC,270,d_pc,>,-0.9379684716480144,1449,-0.002511310646189647,0.4906832298136646,-0.010964675163822884,651,0.005091115025286563,0.4976958525345622,False
GC,270,d_pc,<,-0.9379684716480144,161,8.597797915114011e-06,0.5217391304347826,3.7786873774700543e-05,119,0.00834797173691786,0.5378151260504201,False
GC,270,d_pc,>,-0.46718828353543057,1207,0.004137874961889144,0.512013256006628,0.018234497245369918,535,0.004413968322764299,0.49906542056074765,False
GC,270,d_pc,<,-0.46718828353543057,403,-0.02141915622795201,0.4392059553349876,-0.0916794023398154,235,0.008281921129684592,0.5148936170212766,False
GC,270,d_pc,>,0.4024248420546399,403,-0.0014937214081441176,0.49379652605459057,-0.006996253522851665,178,0.020178082288037403,0.5674157303370787,False
GC,270,d_pc,<,0.4024248420546399,1207,-0.0025149421320483714,0.49378624689312345,-0.010757188761456522,592,0.0012095031602772305,0.4847972972972973,False
GC,270,d_pc,>,0.9041252838140267,161,0.028094094781646043,0.546583850931677,0.12481100639122175,77,0.03154569372218546,0.5844155844155844,False
GC,270,d_pc,<,0.9041252838140267,1449,-0.005631921422159747,0.48792270531400966,-0.024587542058724873,693,0.0027109756155072147,0.494949494949495,False
GC,270,d_on_high,>,0.045833041905055924,1449,0.013593745111348707,0.5369220151828847,0.060139019472798615,693,0.020002882273168484,0.5497835497835498,False
GC,270,d_on_high,<,0.045833041905055924,161,-0.1449369040199301,0.10559006211180125,-0.712639921310167,77,-0.12408146619676595,0.09090909090909091,False
GC,270,d_on_high,>,0.18486332458668206,1207,0.017676239235271937,0.5343827671913836,0.07314875849521117,559,0.02700885795018362,0.5617173524150268,False
GC,270,d_on_high,<,0.18486332458668206,403,-0.06196706113607368,0.37220843672456577,-0.360103742589184,211,-0.05113851694785719,0.35071090047393366,False
GC,270,d_on_high,>,0.7958481956361084,403,0.03744524194451991,0.533498759305211,0.13139892183052648,177,0.05112765741121,0.5649717514124294,False
GC,270,d_on_high,<,0.7958481956361084,1207,-0.015516103881115153,0.48053024026512015,-0.07563822383684767,593,-0.007996409517081604,0.4856661045531197,False
GC,270,d_on_high,>,1.2690863474965393,161,0.028202213207172387,0.546583850931677,0.09223999153225591,68,0.0843480156480971,0.5882352941176471,False
GC,270,d_on_high,<,1.2690863474965393,1449,-0.0056439345805515675,0.48792270531400966,-0.025832368301999857,702,-0.0020341033417604322,0.49572649572649574,False
GC,270,d_on_low,>,-1.2806594264751194,1449,0.005287099227110876,0.4996549344375431,0.02602267002980463,676,0.010174077803638095,0.5014792899408284,False
GC,270,d_on_low,<,-1.2806594264751194,161,-0.0701770910617896,0.4409937888198758,-0.1825489060518403,94,-0.027339915713878456,0.5212765957446809,False
GC,270,d_on_low,>,-0.8350181905560801,1207,0.013183676066502193,0.5095277547638773,0.06853783629435789,562,0.01372491440874961,0.505338078291815,False
GC,270,d_on_low,<,-0.8350181905560801,403,-0.048511667228616905,0.4466501240694789,-0.15681861119098767,208,-0.016373448940204344,0.5,False
GC,270,d_on_low,>,-0.22584786879039162,403,0.06491229337082326,0.6253101736972705,0.3663914784725392,208,0.06282391225754635,0.625,True
GC,270,d_on_low,<,-0.22584786879039162,1207,-0.024686958665539552,0.4498757249378625,-0.1030597394372164,562,-0.015586564468709723,0.45907473309608543,False
GC,270,d_on_low,>,-0.06157754237756548,161,0.11717366255358569,0.8260869565217391,0.7922262928582543,90,0.1056499656371237,0.8,False
GC,270,d_on_low,<,-0.06157754237756548,1449,-0.015529651174597484,0.45686680469289165,-0.06682926116694891,680,-0.007648194689979931,0.4647058823529412,False
GC,270,d_on_mid,>,-0.5607083975928027,1449,0.008018181114145671,0.5093167701863354,0.03699382299555616,671,0.012420566715895816,0.5067064083457526,False
GC,270,d_on_mid,<,-0.5607083975928027,161,-0.09475682804510276,0.35403726708074534,-0.3127369750726625,99,-0.040671472204154686,0.48484848484848486,False
GC,270,d_on_mid,>,-0.3203810715325824,1207,0.015784379523097587,0.5178127589063795,0.07425191909424723,559,0.016322267198359323,0.5223613595706619,False
GC,270,d_on_mid,<,-0.3203810715325824,403,-0.056300870881496906,0.4218362282878412,-0.212667229916548,211,-0.02282664855795301,0.4549763033175355,False
GC,270,d_on_mid,>,0.2770785080822123,403,0.040475668582765585,0.5632754342431762,0.17049177914965422,189,0.05576977629603691,0.582010582010582,False
GC,270,d_on_mid,<,0.2770785080822123,1207,-0.016527919900347136,0.47058823529411764,-0.07372937642923022,581,-0.010727647507394491,0.4784853700516351,False
GC,270,d_on_mid,>,0.5501301935360805,161,0.07704440308623439,0.6521739130434783,0.2852272501547296,73,0.1084318423598661,0.6712328767123288,False
GC,270,d_on_mid,<,0.5501301935360805,1449,-0.011070844567114007,0.47619047619047616,-0.049840437584193674,697,-0.005176183607052292,0.48637015781922527,False
GC,270,d_vwap,>,-0.24389288358530725,1449,-0.0010066857154015592,0.49551414768806074,-0.004421766189738506,681,0.00730329387738859,0.5095447870778267,False
GC,270,d_vwap,<,-0.24389288358530725,161,-0.01353302657917768,0.4782608695652174,-0.056535084953876,89,-0.007481108003897213,0.4606741573033708,False
GC,270,d_vwap,>,-0.12980936263820203,1207,-0.0023155607707850507,0.4971002485501243,-0.010443547036111089,573,0.009363578552248447,0.5113438045375218,False
GC,270,d_vwap,<,-0.12980936263820203,403,-0.002090876006270249,0.4838709677419355,-0.008391845581462724,197,-0.005368558336464883,0.48223350253807107,False
GC,270,d_vwap,>,0.11755903506987551,403,-0.008029052118424664,0.5037220843672456,-0.035761883484991035,182,0.01643601645762434,0.5714285714285714,False
GC,270,d_vwap,<,0.11755903506987551,1207,-0.0003328888791543683,0.4904722452361226,-0.001445481787233704,588,0.0022387236783454893,0.48299319727891155,False
GC,270,d_vwap,>,0.2510546295924185,161,-0.012427187214357411,0.5217391304347826,-0.0512773866620585,73,0.058512582088150494,0.6027397260273972,False
GC,270,d_vwap,<,0.2510546295924185,1449,-0.0011295567559371452,0.4906832298136646,-0.004968928989328967,697,5.20889895549385e-05,0.4935437589670014,False
GC,270,on_position,>,0.056180555555556407,1449,-0.01615847561280117,0.45686680469289165,-0.07023193996324849,685,-0.007171560379015416,0.4656934306569343,False
GC,270,on_position,<,0.056180555555556407,161,0.1228330824974188,0.8260869565217391,0.7094704627967764,85,0.10847345150329808,0.8117647058823529,False
GC,270,on_position,>,0.21954361428045968,1207,-0.023616926321844783,0.45816072908036454,-0.10164384596120873,566,-0.014816193802309884,0.4664310954063604,False
GC,270,on_position,<,0.21954361428045968,403,0.061707506673950856,0.6004962779156328,0.30063934010034965,204,0.06222397161893221,0.6078431372549019,True
GC,270,on_position,>,0.8141592920353882,403,-0.05839681649259008,0.38957816377171217,-0.2840344759031832,215,-0.036786075326012024,0.4,False
GC,270,on_position,<,0.8141592920353882,1207,0.016484185721333332,0.5285832642916322,0.07070231005830281,555,0.022012127411256514,0.5441441441441441,False
GC,270,on_position,>,0.9596924942136019,161,-0.14113054571714814,0.13043478260869565,-0.6891103752584936,76,-0.12133973102478614,0.11842105263157894,False
GC,270,on_position,<,0.9596924942136019,1449,0.013170816411039604,0.5341614906832298,0.05822905910239173,694,0.019495020282476256,0.5461095100864554,False
GC,270,gap_atr,>,-0.7414036211641407,1449,-0.0032819897655438435,0.49206349206349204,-0.014299376717077861,707,0.0037005143489834955,0.49363507779349364,False
GC,270,gap_atr,<,-0.7414036211641407,161,0.006944709872102876,0.5093167701863354,0.031158456737520095,63,0.026848585292435685,0.6190476190476191,False
GC,270,gap_atr,>,-0.31231937774625484,1207,-0.004770901947628296,0.4904722452361226,-0.020501600122185788,599,0.003667892708610923,0.4974958263772955,False
GC,270,gap_atr,<,-0.31231937774625484,403,0.005262962208245378,0.5037220843672456,0.024269952869619412,171,0.012343022138577985,0.5263157894736842,False
GC,270,gap_atr,>,0.37670782706049405,403,-0.013600877953685859,0.4813895781637717,-0.053387729941726796,235,0.00019007927925265855,0.4851063829787234,False
GC,270,gap_atr,<,0.37670782706049405,1207,0.0015274639059411235,0.4979287489643745,0.0069601238054312195,535,0.007968328761739071,0.5121495327102804,False
GC,270,gap_atr,>,0.7655022423036814,161,-0.03276272189343594,0.45962732919254656,-0.11314328587886208,99,0.012738290998985397,0.5353535353535354,False
GC,270,gap_atr,<,0.7655022423036814,1449,0.0011299470972938035,0.4975845410628019,0.005115090523697947,671,0.0045404377187112125,0.4992548435171386,False
GC,270,atr_pctile,>,0.0770908630186314,1449,-0.0019679800256942703,0.4968944099378882,-0.0089626770046114,770,0.005594447426175037,0.5038961038961038,False
GC,270,atr_pctile,<,0.0770908630186314,161,-0.004881377786543284,0.4658385093167702,-0.0162547710268884,0,,,False
GC,270,atr_pctile,>,0.2531613035879511,1207,0.004482917006122245,0.4995857497928749,0.022160767883694,770,0.005594447426175037,0.5038961038961038,False
GC,270,atr_pctile,<,0.2531613035879511,403,-0.022452569993186143,0.47642679900744417,-0.0764514711953305,0,,,False
GC,270,atr_pctile,>,0.8463314722124536,403,0.006542119075228315,0.5161290322580645,0.03507660662440614,479,0.0026807540193742613,0.511482254697286,False
GC,270,atr_pctile,<,0.8463314722124536,1207,-0.005197994091285398,0.4863297431648716,-0.02154201573111115,291,0.010390526951458787,0.49140893470790376,False
GC,270,atr_pctile,>,0.9407172602537903,161,0.009519861342296636,0.5403726708074534,0.04493422724422784,259,0.028576237863675098,0.5675675675675675,False
GC,270,atr_pctile,<,0.9407172602537903,1449,-0.0035681177066764834,0.4886128364389234,-0.01546944606701891,511,-0.006053857316119518,0.47162426614481406,False
GC,270,ret_5m,>,-0.0004482949631195221,1449,-0.0025175086140144854,0.4927536231884058,-0.01119418509252327,701,0.0012827397504627345,0.5035663338088445,False
GC,270,ret_5m,<,-0.0004482949631195221,161,6.437950833866259e-05,0.5031055900621118,0.00024546642297976554,69,0.04939889787073047,0.5072463768115942,False
GC,270,ret_5m,>,-0.00022897537735172557,1207,0.000874421395317933,0.4896437448218724,0.004068008941309373,610,0.0019251786769999767,0.5065573770491804,False
GC,270,ret_5m,<,-0.00022897537735172557,403,-0.011644991327576203,0.5062034739454094,-0.04375501483542655,160,0.019583534532404957,0.49375,False
GC,270,ret_5m,>,0.00021709794489532808,403,-0.009105588803454155,0.4913151364764268,-0.03288035384524938,197,0.03129075387934557,0.5685279187817259,False
GC,270,ret_5m,<,0.00021709794489532808,1207,2.6551289915129176e-05,0.49461474730737365,0.0001261933120871357,573,-0.00324005932997609,0.4816753926701571,False
GC,270,ret_5m,>,0.0004746231485467384,161,-0.036028122275656285,0.4782608695652174,-0.09734275362188695,64,0.032376900326590366,0.5,False
GC,270,ret_5m,<,0.0004746231485467384,1449,0.0014927693619849532,0.49551414768806074,0.007207029832015923,706,0.003166576341718123,0.5042492917847026,False
GC,270,ret_15m,>,-0.0008062374292116869,1449,0.000686344291234818,0.4975845410628019,0.003002491935329556,714,0.0012368847958856863,0.4957983193277311,False
GC,270,ret_15m,<,-0.0008062374292116869,161,-0.028770296638905065,0.45962732919254656,-0.1251659256383751,56,0.06115337096236425,0.6071428571428571,False
GC,270,ret_15m,>,-0.00036008985157556794,1207,-0.004304654088918985,0.4896437448218724,-0.018846062396222964,608,-0.0012145152383679935,0.49835526315789475,False
GC,270,ret_15m,<,-0.00036008985157556794,403,0.0038665325172723354,0.5062034739454094,0.016795980942550155,162,0.03114907273507727,0.5246913580246914,False
GC,270,ret_15m,>,0.0003699526284491328,403,-0.01890376854519674,0.46898263027295284,-0.06330688355388384,215,-0.0019642137140001167,0.4883720930232558,False
GC,270,ret_15m,<,0.0003699526284491328,1207,0.003298023067812611,0.5020712510356256,0.016488429444990835,555,0.008522577417414058,0.5099099099099099,False
GC,270,ret_15m,>,0.0007682681359183264,161,-0.033547318147166896,0.4409937888198758,-0.11429102576282754,81,0.01606707258029335,0.48148148148148145,False
GC,270,ret_15m,<,0.0007682681359183264,1449,0.0012171244588194672,0.4996549344375431,0.005524518781459191,689,0.004363267981351258,0.5065312046444121,False
GC,270,ret_30m,>,-0.0012858445973960907,1449,-0.00019924369303841243,0.49206349206349204,-0.0008860767309509666,709,0.008030296950949272,0.49647390691114246,False
GC,270,ret_30m,<,-0.0012858445973960907,161,-0.020800004780445993,0.5093167701863354,-0.07944552341274702,61,-0.022717311804397653,0.5901639344262295,False
GC,270,ret_30m,>,-0.0005935715017650611,1207,0.0011098743198070552,0.49627174813587405,0.004859919302802558,592,0.005765168016532701,0.4966216216216216,False
GC,270,ret_30m,<,-0.0005935715017650611,403,-0.012350181600177625,0.48635235732009924,-0.053665375136405985,178,0.005026657597569774,0.5280898876404494,False
GC,270,ret_30m,>,0.0005554178032881052,403,-6.027981190957665e-06,0.47642679900744417,-2.206759133451954e-05,228,-0.0068996895658718,0.4649122807017544,False
GC,270,ret_30m,<,0.0005554178032881052,1207,-0.0030116616441130967,0.4995857497928749,-0.014200424287719483,542,0.010850283651611715,0.5202952029520295,False
GC,270,ret_30m,>,0.0012020996831858986,161,-0.015238388461044639,0.4720496894409938,-0.04539420734701529,97,0.0028071598699365317,0.4536082474226804,False
GC,270,ret_30m,<,0.0012020996831858986,1449,-0.0008172010618607856,0.49620427881297446,-0.003822434889587381,673,0.005996181293864686,0.5111441307578009,False
GC,270,ret_60m,>,-0.0017386316235450505,1449,-0.0018826991926303427,0.48999309868875085,-0.008392893432043762,694,0.0009492447899197181,0.49135446685878964,False
GC,270,ret_60m,<,-0.0017386316235450505,161,-0.005648905284118618,0.5279503105590062,-0.021183085833501463,76,0.04801248202566439,0.618421052631579,False
GC,270,ret_60m,>,-0.0008403745914766225,1207,0.002676323219720555,0.4987572493786247,0.011807475724634864,594,0.0003604913533917702,0.4898989898989899,False
GC,270,ret_60m,<,-0.0008403745914766225,403,-0.01704175435996817,0.47890818858560796,-0.07257468093694609,176,0.02325904917181856,0.5511363636363636,False
GC,270,ret_60m,>,0.0007831034051539176,403,0.0008244668924211211,0.49627791563275436,0.0031571525173021186,221,0.0061566262729874175,0.4796380090497738,False
GC,270,ret_60m,<,0.0007831034051539176,1207,-0.003288951978881671,0.49295774647887325,-0.015151905910734237,549,0.005368142280190452,0.5136612021857924,False
GC,270,ret_60m,>,0.0017325636188096683,161,-0.0007817441166644387,0.5341614906832298,-0.002918050774331156,110,0.004645829684901301,0.44545454545454544,False
GC,270,ret_60m,<,0.0017325636188096683,1449,-0.0024234948779030285,0.4893029675638371,-0.010811386058839419,660,0.0057525503830539925,0.5136363636363637,False
GC,270,rel_volume,>,0.48930869190730203,1449,-0.001364175859601616,0.494824016563147,-0.005940978582204667,684,0.0060899342869807725,0.5029239766081871,False
GC,270,rel_volume,<,0.48930869190730203,161,-0.010315615281377173,0.484472049689441,-0.046470050567398016,86,0.0016535984402317489,0.5116279069767442,False
GC,270,rel_volume,>,0.7191986808839272,1207,-0.0040559928368572975,0.4855012427506214,-0.018061331511600495,559,0.0032759689183990597,0.5116279069767442,False
GC,270,rel_volume,<,0.7191986808839272,403,0.0031217828119659815,0.5186104218362283,0.01293694600443595,211,0.011736767264311389,0.4834123222748815,False
GC,270,rel_volume,>,1.2451992917805859,403,-0.01001606449967985,0.48883374689826303,-0.040044268556729296,207,0.008508138835768394,0.5555555555555556,False
GC,270,rel_volume,<,1.2451992917805859,1207,0.0003305460749846829,0.49544324772162385,0.0014936755314782241,563,0.004523161241830764,0.4849023090586146,False
GC,270,rel_volume,>,1.6847859200542665,161,-0.05165045461887432,0.4161490683229814,-0.23024745551954268,79,-0.00948019636806929,0.5189873417721519,False
GC,270,rel_volume,<,1.6847859200542665,1449,0.0032285840667869567,0.5024154589371981,0.014115298621874718,691,0.007317887165314403,0.5021707670043415,False
GC,270,upbars10,>,2.0,1373,-0.002896994089599788,0.49308084486525855,-0.012904511798316204,709,0.0066120410081167745,0.5105782792665726,False
GC,270,upbars10,<,2.0,51,0.0026456880997100824,0.47058823529411764,0.013850928574754994,12,-0.08909298875164122,0.25,False
GC,270,upbars10,>,3.0,1030,0.003160379548510209,0.5106796116504855,0.013339716616301157,583,0.002276618707385964,0.4922813036020583,False
GC,270,upbars10,<,3.0,237,0.0014348860934854163,0.4978902953586498,0.005673856166089213,61,-0.0062329927311477965,0.4262295081967213,False
GC,270,upbars10,>,5.0,249,-0.007934621256299791,0.5020080321285141,-0.02694616657552317,180,0.01659654952360677,0.5166666666666667,False
GC,270,upbars10,<,5.0,1018,-0.004808977581824664,0.4764243614931238,-0.02349940040581485,374,0.0042999011816732,0.4946524064171123,False
GC,270,upbars10,>,6.0,76,-0.010732269367093476,0.5,-0.02855452395685101,67,0.042762695543778886,0.5074626865671642,False
GC,270,upbars10,<,6.0,1361,-0.0012210023424289603,0.4922850844966936,-0.0056852278344567365,590,0.0022378739049246765,0.5,False
GC,270,ib_ratio,>,0.2458254631153988,1449,-0.0029640680990633125,0.49206349206349204,-0.013211488214239694,699,0.01209266783057538,0.5050071530758226,False
GC,270,ib_ratio,<,0.2458254631153988,161,0.004083414873778107,0.5093167701863354,0.015331253285837431,71,-0.05838099007630158,0.49295774647887325,False
GC,270,ib_ratio,>,0.3169113541903718,1207,-0.0071603408243083606,0.48218724109362054,-0.03145291972749979,577,0.004715112770386666,0.5060658578856152,False
GC,270,ib_ratio,<,0.3169113541903718,403,0.012419420580833071,0.5285359801488834,0.053546523132373874,193,0.008223339117314358,0.49740932642487046,False
GC,270,ib_ratio,>,0.5604517580906576,403,-0.023652472639010307,0.45409429280397023,-0.10454042057215704,214,-3.458587728618633e-05,0.514018691588785,False
GC,270,ib_ratio,<,0.5604517580906576,1207,0.004883547301289718,0.5070422535211268,0.021296101191942366,556,0.0077610177983705435,0.5,False
GC,270,ib_ratio,>,0.7518129924775662,161,-0.038172985058784685,0.4658385093167702,-0.14850662450137148,85,0.00834700236794422,0.5647058823529412,False
GC,270,ib_ratio,<,0.7518129924775662,1449,0.0017310874489992194,0.4968944099378882,0.007686603661494208,685,0.0052528895136927265,0.49635036496350365,False
GC,270,or30_range,>,2.0,1442,-0.0004093071311163268,0.5006934812760055,-0.0018239474591490357,765,0.005892924273079521,0.5019607843137255,False
GC,270,or30_range,<,2.0,148,-0.0007060417533756032,0.43243243243243246,-0.0030980310656364405,5,-0.04007251015021085,0.8,False
GC,270,or30_range,>,2.7250000000001364,1207,-0.00380186564023315,0.49627174813587405,-0.017019157735001688,755,0.005698412292116847,0.49933774834437084,False
GC,270,or30_range,<,2.7250000000001364,403,0.002360662399248006,0.48635235732009924,0.009651388971901226,15,0.0003615491737705923,0.7333333333333333,False
GC,270,or30_range,>,7.0,400,-0.003954077102019847,0.5225,-0.018944827595835347,514,0.004651098851215703,0.5136186770428015,False
GC,270,or30_range,<,7.0,1206,-0.0016356580165863774,0.4842454394693201,-0.006946274935633384,254,0.008297250790152763,0.4881889763779528,False
GC,270,or30_range,>,10.310000000000187,161,-0.011412159175619666,0.5527950310559007,-0.048583522826991396,284,0.012211941535479066,0.5704225352112676,False
GC,270,or30_range,<,10.310000000000187,1449,-0.0012423376491302264,0.48723257418909593,-0.005444257407178401,486,0.0017274344075693924,0.46502057613168724,False
GC,270,pd_return,>,-0.009193802633996561,1449,-0.0025112313515186367,0.494824016563147,-0.010668654346834817,677,0.0011426535998189712,0.4963072378138848,False
GC,270,pd_return,<,-0.009193802633996561,161,7.884145876026334e-06,0.484472049689441,4.9771479464474405e-05,93,0.03800159173201436,0.5591397849462365,False
GC,270,pd_return,>,-0.004362447069745756,1207,-0.00684177628620743,0.49378624689312345,-0.028701318712646924,575,0.006840312471110062,0.5026086956521739,False
GC,270,pd_return,<,-0.004362447069745756,403,0.011465307931979906,0.49379652605459057,0.05817979335917833,195,0.00192074280649483,0.5076923076923077,False
GC,270,pd_return,>,0.00478948877319868,403,0.0007286780487822809,0.5310173697270472,0.0032554599054450853,255,0.01473163449823242,0.5490196078431373,False
GC,270,pd_return,<,0.00478948877319868,1207,-0.003256969456937634,0.48135874067937034,-0.014127521033647002,515,0.0010702091671951643,0.4815533980582524,False
GC,270,pd_return,>,0.009653940069601942,161,0.008734002063948584,0.5652173913043478,0.03724541745526237,140,0.019598118765004134,0.5642857142857143,False
GC,270,pd_return,<,0.009653940069601942,1449,-0.003480800009082254,0.4858523119392685,-0.015251441084817128,630,0.0024825204619907913,0.49047619047619045,False
GC,270,on_range_atr,>,0.6326008231656611,1449,-0.0034067197358398625,0.49206349206349204,-0.014374087837944449,685,0.008506036454091833,0.5036496350364964,False
GC,270,on_range_atr,<,0.6326008231656611,161,0.008067279604767072,0.5093167701863354,0.06004180489739794,85,-0.01786953473997798,0.5058823529411764,False
GC,270,on_range_atr,>,0.7875904895491151,1207,-0.0063439364908574394,0.48301574150787074,-0.0254090877093583,564,0.01136542833667277,0.5230496453900709,False
GC,270,on_range_atr,<,0.7875904895491151,403,0.009974259214889496,0.5260545905707196,0.0667152536585107,206,-0.01020571390159546,0.45145631067961167,False
GC,270,on_range_atr,>,1.3850563691492093,403,-0.005708786992922687,0.4913151364764268,-0.016593550090417554,185,0.047765537897306025,0.6108108108108108,False
GC,270,on_range_atr,<,1.3850563691492093,1207,-0.0011075921480667964,0.49461474730737365,-0.006353066332050495,585,-0.007741709389481771,0.4700854700854701,False
GC,270,on_range_atr,>,1.880410584580754,161,-0.021289831221537218,0.5341614906832298,-0.046703328103594365,65,0.03674432443888481,0.6,False
GC,270,on_range_atr,<,1.880410584580754,1449,-0.000144818532917167,0.4893029675638371,-0.0007721844481424262,705,0.002722472949825908,0.4950354609929078,False
